hub,hub_out_trip_count,hub_out_median_factor,hub_out_pct_delayed,hub_out_median_dwell,hub_in_trip_count,hub_in_median_factor,hub_in_pct_delayed
IND000000AAL,18.0,2.6950000000000003,1.0,87.5,17.0,2.703703704,1.0
IND000000AAQ,1.0,4.714285714,1.0,322.0,0.0,0.0,0.0
IND000000AAS,9.0,1.766666667,1.0,38.0,8.0,2.4646938775000002,1.0
IND000000AAZ,2.0,5.010416666499999,1.0,23.5,2.0,5.725,1.0
IND000000ABA,7.0,1.095238095,0.42857142857142855,41.0,16.0,1.2112068965,0.5
IND000000ABD,12.0,1.704054054,1.0,67.5,13.0,1.212121212,0.5384615384615384
IND000000ABG,11.0,2.1,1.0,200.0,0.0,0.0,0.0
IND000000ACA,128.0,1.935483871,0.9765625,104.5,134.0,2.0079365080000002,0.9029850746268657
IND000000ACB,1063.0,1.896688742,0.9689557855126999,163.0,927.0,1.835968379,0.9600862998921251
IND000000ACK,32.0,3.2739130435000003,1.0,67.0,0.0,0.0,0.0
IND000000ACN,15.0,2.235294118,1.0,55.0,11.0,2.75,1.0
IND000000ACT,160.0,1.536149826,0.80625,105.0,0.0,0.0,0.0
IND000000ADM,1.0,1.454545455,1.0,83.0,13.0,1.44,0.9230769230769231
IND000000ADV,18.0,2.0533428165,1.0,49.0,0.0,0.0,0.0
IND000000AEL,17.0,1.844827586,1.0,161.0,23.0,1.770491803,1.0
IND000000AEM,22.0,1.956815115,1.0,185.0,0.0,0.0,0.0
IND000000AET,8.0,2.4646938775000002,1.0,36.0,4.0,1.8025490195,1.0
IND000000AFF,3.0,4.842105263,1.0,24.0,3.0,3.179487179,1.0
IND000000AFG,4.0,2.090126812,1.0,14.0,0.0,0.0,0.0
IND000000AFJ,21.0,1.08,0.19047619047619047,41.0,1.0,1.692307692,1.0
IND000000AFR,8.0,2.0615530305,1.0,11.5,0.0,0.0,0.0
IND000000AFT,83.0,2.266666667,1.0,32.0,165.0,2.380952381,1.0
IND110014AAA,11.0,3.285714286,1.0,40.0,9.0,1.714285714,1.0
IND110020AAB,3.0,2.739130435,1.0,474.0,9.0,3.461538462,1.0
IND110024AAA,9.0,1.714285714,1.0,30.0,31.0,2.64,1.0
IND110030AAD,7.0,1.815789474,1.0,133.0,58.0,1.5816666664999999,0.896551724137931
IND110035AAC,3.0,1.666666667,1.0,286.0,35.0,2.157894737,0.9142857142857143
IND110037AAK,43.0,2.057142857,0.9767441860465116,191.0,39.0,1.702702703,1.0
IND110037AAM,254.0,2.0546739985,0.9566929133858267,152.0,188.0,2.121133201,1.0
IND110039AAA,3.0,3.733333333,1.0,81.0,4.0,1.738095238,0.5
IND110043AAA,38.0,1.697826087,0.8947368421052632,38.5,32.0,2.2509652510000002,1.0
IND110043AAC,1.0,1.620689655,1.0,139.0,9.0,1.945454545,1.0
IND110044AAB,172.0,1.7,0.9709302325581395,76.0,41.0,1.888888889,0.975609756097561
IND110052AAA,10.0,1.6617866005000002,1.0,111.5,2.0,1.420948617,1.0
IND110064AAA,42.0,1.3151364765,0.9047619047619048,65.0,49.0,1.534482759,0.8979591836734694
IND110077AAA,1.0,1.333333333,1.0,57.0,0.0,0.0,0.0
IND110078AAA,14.0,2.7329192545,1.0,46.0,33.0,1.666666667,0.8787878787878788
IND110083AAA,1.0,2.941176471,1.0,102.0,3.0,4.0,1.0
IND110085AAB,18.0,2.4110576925,0.8333333333333334,18.0,50.0,1.771222015,0.96
IND110092AAC,7.0,2.098360656,1.0,47.0,7.0,1.77027027,1.0
IND110093AAA,1.0,3.222222222,1.0,30.0,1.0,3.25,1.0
IND110095AAB,1.0,1.521126761,1.0,57.0,36.0,1.8725016655,0.5833333333333334
IND121001AAA,27.0,1.833333333,0.9629629629629629,18.0,24.0,1.7333333335,1.0
IND121002AAB,28.0,2.0703125,1.0,78.5,57.0,1.764705882,1.0
IND121004AAA,10.0,2.3833333335,1.0,77.5,23.0,1.75,1.0
IND121004AAB,169.0,1.916666667,1.0,30.0,143.0,2.121212121,0.993006993006993
IND121004AAC,5.0,2.166666667,1.0,20.0,9.0,1.846153846,1.0
IND121102AAA,12.0,3.992857143,1.0,50.0,41.0,1.931034483,1.0
IND122001AAA,26.0,1.8159777424999999,0.9615384615384616,40.5,59.0,1.647058824,0.9152542372881356
IND122001AAD,10.0,1.8455882355,0.9,14.5,3.0,3.2,1.0
IND122001AAJ,13.0,0.775862069,0.0,12.0,19.0,1.823529412,1.0
IND122002AAD,2.0,2.285,1.0,24.0,0.0,0.0,0.0
IND122004AAA,44.0,1.6573083780000002,1.0,42.5,0.0,0.0,0.0
IND122503AAA,2.0,4.5997151,1.0,104.5,2.0,2.285,1.0
IND123001AAA,13.0,1.911764706,1.0,27.0,3.0,2.75862069,1.0
IND123401AAB,13.0,1.96,1.0,29.0,13.0,1.911764706,1.0
IND124001AAB,4.0,2.5203488370000002,1.0,37.0,4.0,1.778846154,1.0
IND124103AAA,9.0,1.884615385,1.0,12.0,13.0,1.833333333,1.0
IND124112AAA,8.0,2.200149925,1.0,25.5,7.0,2.065934066,1.0
IND124141AAA,10.0,1.9940084384999999,1.0,20.5,3.0,2.4375,1.0
IND124507AAA,12.0,2.4149048625,1.0,42.5,11.0,1.880952381,1.0
IND125001AAA,46.0,2.1049009385,1.0,89.5,27.0,2.335766423,1.0
IND125005AAA,14.0,1.890510949,1.0,83.5,9.0,2.192592593,1.0
IND125033AAA,5.0,2.0,1.0,10.0,6.0,1.8827586205,1.0
IND125047AAB,11.0,2.192982456,1.0,18.0,10.0,2.085714286,1.0
IND125050AAA,2.0,1.7186147185,1.0,11.5,1.0,2.714285714,1.0
IND125051AAA,4.0,1.0489583335,0.0,16.0,13.0,2.175438596,1.0
IND125104AAA,1.0,2.587155963,1.0,165.0,10.0,1.8242647060000001,1.0
IND125111AAA,2.0,3.2958669355000003,1.0,25.0,4.0,1.0489583335,0.0
IND125121AAA,3.0,3.9,1.0,375.0,2.0,3.2958669355000003,1.0
IND126102AAA,7.0,2.228571429,1.0,52.0,4.0,2.5203488370000002,1.0
IND126112AAA,16.0,2.1301369865,0.9375,160.5,0.0,0.0,0.0
IND126116AAA,5.0,2.819672131,1.0,59.0,5.0,2.260869565,1.0
IND127021AAA,8.0,1.8421052635000001,1.0,52.5,11.0,1.884615385,1.0
IND127201AAA,3.0,2.4375,1.0,11.0,8.0,1.8421052635000001,1.0
IND131021AAA,58.0,1.625,0.8620689655172413,26.0,0.0,0.0,0.0
IND131028AAB,245.0,1.784615385,0.9918367346938776,187.0,329.0,1.972999036,0.9908814589665653
IND131028AAE,1.0,1.733333333,1.0,61.0,3.0,2.511627907,1.0
IND131301AAA,2.0,3.035897436,1.0,245.5,7.0,2.819672131,1.0
IND132001AAA,5.0,3.25,1.0,199.0,7.0,1.6,1.0
IND132103AAA,8.0,1.844047619,1.0,37.0,3.0,3.147058824,1.0
IND132103AAB,8.0,1.7970588235,1.0,159.0,2.0,3.6544117645,1.0
IND133004AAA,6.0,1.6607744105,1.0,54.5,0.0,0.0,0.0
IND134102AAA,16.0,2.75,1.0,33.0,3.0,3.787878788,1.0
IND134109AAA,15.0,1.555555556,1.0,578.0,0.0,0.0,0.0
IND134203AAA,15.0,1.575,1.0,34.0,1.0,2.810810811,1.0
IND135001AAA,12.0,2.3,1.0,36.0,7.0,1.685185185,1.0
IND136027AAA,21.0,1.823529412,1.0,70.0,22.0,2.0954545455,1.0
IND136118AAA,22.0,1.400132275,1.0,31.5,17.0,1.989361702,1.0
IND136128AAA,22.0,2.0954545455,1.0,17.5,22.0,1.400132275,1.0
IND140001AAA,19.0,1.757575758,1.0,35.0,21.0,1.666666667,1.0
IND140118AAA,17.0,1.6,1.0,38.0,19.0,1.757575758,1.0
IND140301AAA,40.0,1.8516483515,1.0,23.5,21.0,1.434782609,0.9523809523809523
IND140401AAA,7.0,1.580645161,1.0,26.0,8.0,1.4916666665,0.75
IND140406AAA,7.0,1.583333333,0.7142857142857143,19.0,2.0,1.756756757,1.0
IND140501AAA,14.0,2.2895833335,0.9285714285714286,29.0,14.0,1.575,1.0
IND140901AAA,40.0,1.8000886525,1.0,28.0,40.0,1.731267345,1.0
IND141003AAB,29.0,1.677419355,0.896551724137931,29.0,0.0,0.0,0.0
IND141010AAA,1.0,1.818181818,1.0,3.0,0.0,0.0,0.0
IND141109AAA,18.0,1.2916666664999998,0.5555555555555556,37.0,19.0,1.416666667,0.9473684210526315
IND141115AAA,14.0,1.4388888885,0.7857142857142857,8.5,9.0,1.806451613,1.0
IND142001AAB,30.0,1.66684294,1.0,32.0,27.0,1.808,1.0
IND142026AAA,19.0,1.457142857,1.0,29.0,21.0,1.677419355,1.0
IND142401AAA,6.0,1.8125,1.0,43.5,15.0,1.741935484,0.9333333333333333
IND143001AAA,19.0,2.272727273,1.0,75.0,29.0,1.64516129,1.0
IND144001AAA,16.0,1.813888889,1.0,36.0,2.0,2.0018382355,1.0
IND144001AAB,58.0,2.0,0.9655172413793104,17.0,76.0,2.030253837,1.0
IND144001AAC,27.0,2.223214286,1.0,171.0,0.0,0.0,0.0
IND144040AAA,10.0,2.1263157895,1.0,17.0,17.0,1.777777778,1.0
IND144401AAB,17.0,1.916666667,1.0,13.0,14.0,1.6944444445,0.8571428571428571
IND144514AAA,6.0,1.7370689655,1.0,7.5,12.0,1.8174603175,0.8333333333333334
IND144527AAA,4.0,1.8676470585,1.0,4.5,0.0,0.0,0.0
IND144601AAA,3.0,1.941176471,1.0,19.0,3.0,3.375,1.0
IND145001AAA,8.0,1.6577380955,0.875,26.0,13.0,1.070175439,0.15384615384615385
IND147001AAB,13.0,1.296296296,0.6153846153846154,52.0,13.0,1.982142857,1.0
IND147001AAD,7.0,1.5,0.7142857142857143,40.0,9.0,2.0,1.0
IND147101AAA,10.0,1.4039855075,1.0,20.5,10.0,2.206879362,1.0
IND147105AAA,8.0,1.9802371539999999,1.0,820.0,12.0,1.4257246380000002,1.0
IND147201AAA,7.0,1.090909091,0.14285714285714285,34.0,7.0,1.344827586,0.8571428571428571
IND147301AAA,2.0,1.433333333,1.0,32.0,4.0,1.6851851855,1.0
IND148023AAA,3.0,1.448275862,1.0,19.0,8.0,1.1212121215000002,0.25
IND148028AAA,12.0,1.8113207550000001,1.0,21.5,0.0,0.0,0.0
IND148101AAA,5.0,1.181818182,0.4,27.0,8.0,1.223609872,0.5
IND148102AAA,1.0,1.827586207,1.0,121.0,5.0,1.181818182,0.4
IND151001AAA,51.0,1.37037037,0.5686274509803921,67.0,46.0,1.4797297295,0.7608695652173914
IND151302AAA,16.0,0.870445344,0.0625,17.5,17.0,0.775,0.0
IND151505AAA,5.0,1.769230769,0.6,8.0,16.0,0.870445344,0.0625
IND151506AAA,18.0,1.3705985914999999,0.9444444444444444,245.0,5.0,1.769230769,0.6
IND152024AAA,2.0,1.7322580644999999,1.0,16.5,2.0,2.0,1.0
IND152026AAA,37.0,4.066666667,0.7027027027027027,59.0,35.0,1.68852459,1.0
IND152101AAA,2.0,2.227272727,1.0,580.0,1.0,1.176470588,0.0
IND152107AAA,1.0,4.173913043,1.0,611.0,2.0,1.680952381,1.0
IND152116AAA,2.0,1.8284552845,1.0,336.5,2.0,1.5,1.0
IND152123AAA,1.0,2.480769231,1.0,541.0,2.0,1.7322580644999999,1.0
IND160002AAC,370.0,1.8744747899999998,0.9432432432432433,137.5,431.0,1.957446809,0.951276102088167
IND160003AAA,1.0,3.0,1.0,382.0,1.0,2.0,1.0
IND160055AAA,21.0,1.1,0.38095238095238093,47.0,36.0,1.607142857,0.6388888888888888
IND160102AAC,28.0,2.070261438,1.0,104.5,25.0,1.764705882,1.0
IND160102AAD,15.0,1.617647059,1.0,41.0,0.0,0.0,0.0
IND173025AAA,11.0,2.373737374,1.0,52.0,12.0,2.3,1.0
IND173212AAA,9.0,3.375,1.0,44.0,19.0,2.170454545,1.0
IND173220AAA,3.0,3.19047619,1.0,17.0,5.0,3.307692308,1.0
IND174001AAA,15.0,2.518518519,1.0,44.0,28.0,2.0430113055000003,1.0
IND174021AAA,12.0,2.0866666665,1.0,10.5,0.0,0.0,0.0
IND174101AAB,12.0,2.5624572795000002,1.0,32.5,0.0,0.0,0.0
IND174103AAA,6.0,2.7384615385,1.0,36.0,20.0,2.75,1.0
IND174307AAA,17.0,1.076923077,0.29411764705882354,19.0,14.0,1.337026362,0.9285714285714286
IND175001AAA,17.0,1.97260274,1.0,43.0,16.0,2.9333333335,1.0
IND175015AAA,12.0,3.97556391,1.0,562.0,11.0,1.858695652,1.0
IND175018AAA,16.0,2.9333333335,1.0,20.0,15.0,2.518518519,1.0
IND175101AAA,4.0,2.2825844205,1.0,31.0,17.0,1.97260274,1.0
IND176048AAA,11.0,1.858695652,1.0,26.0,12.0,2.0866666665,1.0
IND176061AAA,2.0,3.0144210935,1.0,32.0,3.0,1.869565217,1.0
IND176110AAB,9.0,2.1,1.0,16.0,7.0,1.80952381,1.0
IND176201AAA,9.0,1.602739726,1.0,8.0,7.0,1.791666667,1.0
IND176215AAA,3.0,1.869565217,1.0,58.0,0.0,0.0,0.0
IND176303AAA,9.0,1.328125,0.7777777777777778,20.0,10.0,1.5747031965,0.9
IND176310AAA,13.0,1.070175439,0.15384615384615385,970.0,9.0,1.328125,0.7777777777777778
IND177001AAA,7.0,1.80952381,1.0,31.0,0.0,0.0,0.0
IND177033AAA,18.0,2.7173492145,1.0,122.5,9.0,2.1,1.0
IND177101AAA,3.0,1.593220339,1.0,33.0,3.0,1.513513514,1.0
IND177203AAA,3.0,1.513513514,1.0,24.0,0.0,0.0,0.0
IND181152AAA,5.0,1.466666667,1.0,23.0,6.0,1.5067460320000001,1.0
IND181152AAB,12.0,2.6396103895,1.0,75.0,11.0,4.304347826,1.0
IND181201AAB,8.0,4.8707983195,1.0,101.5,7.0,2.782608696,1.0
IND184104AAA,12.0,1.551388889,0.9166666666666666,22.0,9.0,1.850622407,0.8888888888888888
IND184121AAA,10.0,1.802227266,0.9,23.5,12.0,1.5625,0.9166666666666666
IND201001AAA,5.0,3.076923077,1.0,24.0,4.0,1.4455128204999999,1.0
IND201001AAC,3.0,2.204545455,1.0,75.0,12.0,1.912087912,0.9166666666666666
IND201005AAA,1.0,3.285714286,1.0,19.0,3.0,2.076923077,0.6666666666666666
IND201007AAA,21.0,2.076923077,0.9523809523809523,58.0,49.0,2.46,0.9591836734693877
IND201007AAB,17.0,1.914285714,0.9411764705882353,76.0,1.0,5.368421053,1.0
IND201204AAA,6.0,1.642857143,0.8333333333333334,5.5,9.0,2.095238095,1.0
IND201301AAD,2.0,5.2521235525000005,1.0,41.5,3.0,4.567567568,1.0
IND201301AAF,32.0,1.8843085105,1.0,53.5,88.0,2.214285714,0.9772727272727273
IND201301AAL,16.0,1.5400641025000001,0.9375,91.0,29.0,1.238095238,0.5172413793103449
IND201301AAM,27.0,1.922077922,1.0,183.0,39.0,2.46835443,1.0
IND201304AAA,18.0,2.2225274725,1.0,24.0,13.0,1.666666667,1.0
IND201306AAA,9.0,2.952380952,1.0,107.0,0.0,0.0,0.0
IND201307AAA,28.0,1.2023809525,0.5,25.5,5.0,1.263157895,0.8
IND202001AAB,21.0,2.442307692,1.0,63.0,33.0,1.813953488,0.9090909090909091
IND202001AAC,4.0,2.800167224,1.0,8.5,0.0,0.0,0.0
IND203001AAA,5.0,3.615384615,1.0,1.0,0.0,0.0,0.0
IND203131AAA,16.0,1.5,1.0,17.5,5.0,3.615384615,1.0
IND203135AAA,16.0,1.5401509955,1.0,55.5,16.0,1.5,1.0
IND203390AAA,20.0,2.572916667,1.0,195.0,19.0,1.358974359,1.0
IND203396AAB,15.0,1.35,1.0,19.0,12.0,1.5347906405,1.0
IND204101AAA,4.0,2.5835536755,1.0,122.5,4.0,2.0125,1.0
IND204215AAA,6.0,3.1363636365,1.0,43.5,4.0,2.800167224,1.0
IND205001AAB,21.0,2.175,1.0,121.0,26.0,2.365530303,0.9230769230769231
IND205135AAA,13.0,2.235294118,1.0,28.0,8.0,2.0777173915000002,1.0
IND206001AAA,20.0,1.9719174505,1.0,36.0,19.0,1.489361702,0.8421052631578947
IND206122AAA,19.0,1.489361702,0.8421052631578947,22.0,20.0,1.62622549,0.9
IND207001AAA,6.0,1.6667682925,1.0,43.5,6.0,3.1363636365,1.0
IND207247AAB,10.0,2.2685185185,1.0,98.0,10.0,2.37020202,1.0
IND207302AAA,5.0,3.529411765,0.6,233.0,6.0,1.6667682925,1.0
IND208006AAA,3.0,3.034482759,1.0,160.0,14.0,2.7800000000000002,0.9285714285714286
IND208012AAA,12.0,1.9375,1.0,1161.0,21.0,2.066666667,1.0
IND208017AAA,3.0,3.0,1.0,363.0,0.0,0.0,0.0
IND208019AAA,4.0,2.25,1.0,183.5,17.0,4.8125,1.0
IND209101AAA,17.0,1.529411765,0.7058823529411765,21.0,16.0,2.8333333334999997,0.875
IND209111AAA,21.0,2.114285714,1.0,30.0,17.0,1.529411765,0.7058823529411765
IND209206AAB,15.0,2.2,1.0,19.0,18.0,1.2009283819999998,0.5
IND209304AAA,219.0,2.0,0.9315068493150684,128.0,166.0,2.1022362489999997,0.9939759036144579
IND209625AAA,11.0,1.353846154,0.8181818181818182,43.0,11.0,1.40625,0.7272727272727273
IND209721AAB,10.0,1.3394886365,0.7,19.0,10.0,2.25,1.0
IND209801AAA,5.0,1.739130435,0.8,800.0,20.0,2.803030303,1.0
IND210001AAA,10.0,3.8225288835,1.0,45.5,16.0,2.3356681034999998,1.0
IND210427AAA,9.0,2.991525424,1.0,36.0,10.0,3.8225288835,1.0
IND210431AAA,5.0,2.369369369,1.0,306.0,5.0,2.1875,1.0
IND210501AAB,16.0,2.337510804,1.0,42.0,0.0,0.0,0.0
IND211002AAB,48.0,2.558102345,1.0,71.0,49.0,3.428571429,1.0
IND211008AAA,6.0,3.619047619,1.0,185.0,0.0,0.0,0.0
IND211010AAB,1.0,4.0,1.0,965.0,0.0,0.0,0.0
IND211011AAA,13.0,3.714285714,1.0,30.0,12.0,4.380952381,1.0
IND212402AAA,11.0,3.857142857,1.0,1103.0,13.0,1.72,1.0
IND212501AAA,13.0,1.72,1.0,30.0,13.0,3.714285714,1.0
IND212601AAA,16.0,2.3356681034999998,1.0,27.0,16.0,2.2164179104999997,0.9375
IND221010AAA,1.0,4.166666667,1.0,2303.0,2.0,4.0625,1.0
IND221010AAB,4.0,2.7721036585,1.0,670.5,2.0,3.0533333335,1.0
IND221303AAA,3.0,1.625,1.0,24.0,2.0,2.71875,1.0
IND221313AAA,14.0,3.053763441,1.0,554.0,6.0,2.056277056,1.0
IND221401AAA,2.0,2.71875,1.0,19.0,0.0,0.0,0.0
IND221706AAA,11.0,3.963414634,1.0,23.0,7.0,2.490909091,1.0
IND222001AAA,1.0,2.916666667,1.0,26.0,2.0,2.7547425475000002,1.0
IND222125AAB,1.0,2.777777778,1.0,12.0,7.0,2.074074074,1.0
IND223101AAB,7.0,2.074074074,1.0,39.0,7.0,2.04,1.0
IND224001AAA,13.0,3.15,1.0,16.0,0.0,0.0,0.0
IND224141AAB,17.0,2.894736842,1.0,36.0,13.0,3.15,1.0
IND226004AAA,7.0,3.85,1.0,16.0,0.0,0.0,0.0
IND231205AAA,3.0,3.3,1.0,18.0,4.0,2.1076923075,1.0
IND231208AAA,6.0,1.8070652175,1.0,33.0,0.0,0.0,0.0
IND231217AAA,7.0,2.4,1.0,31.0,6.0,1.8070652175,1.0
IND231225AAB,7.0,1.62962963,1.0,29.0,7.0,2.4,1.0
IND232101AAB,7.0,1.866666667,1.0,36.0,4.0,2.6578947365000003,1.0
IND232104AAB,4.0,2.4857142855000003,1.0,73.5,7.0,1.866666667,1.0
IND233001AAA,4.0,3.4503284069999998,1.0,38.5,2.0,2.90625,1.0
IND241124AAB,4.0,2.1856617645,1.0,21.5,11.0,1.353846154,0.8181818181818182
IND242001AAA,1.0,6.230769231,1.0,10.0,4.0,2.1856617645,1.0
IND242221AAA,5.0,3.10989011,1.0,24.0,5.0,1.463414634,1.0
IND242307AAB,10.0,1.885624538,1.0,21.5,1.0,6.230769231,1.0
IND243001AAA,15.0,2.222222222,1.0,84.0,0.0,0.0,0.0
IND243002AAA,1.0,2.185185185,1.0,59.0,16.0,2.37294686,1.0
IND243201AAA,4.0,2.0204545455000003,1.0,10.0,3.0,2.428571429,1.0
IND243301AAB,12.0,1.3430672265,0.75,454.5,10.0,0.7329545454999999,0.0
IND243503AAB,11.0,2.686567164,1.0,384.0,15.0,2.296296296,1.0
IND244001AAA,16.0,1.966168663,1.0,35.5,19.0,1.697986577,1.0
IND244221AAA,21.0,1.873015873,1.0,57.0,20.0,1.5889328065,0.9
IND244235AAA,20.0,0.888349515,0.2,87.5,21.0,1.611570248,1.0
IND244301AAA,11.0,1.612903226,1.0,19.0,10.0,0.8681199755,0.1
IND244412AAA,13.0,0.772727273,0.15384615384615385,28.0,11.0,1.612903226,1.0
IND244501AAA,8.0,1.309920635,0.75,18.0,10.0,0.4621135585,0.0
IND244601AAB,9.0,1.135802469,0.4444444444444444,159.0,9.0,1.305555556,0.7777777777777778
IND244713AAA,17.0,2.0,1.0,35.0,18.0,0.987179487,0.1111111111111111
IND244715AAA,17.0,0.974358974,0.058823529411764705,34.0,17.0,1.695652174,1.0
IND244901AAB,67.0,1.656565657,0.746268656716418,226.0,64.0,1.3668189604999998,0.625
IND244901AAC,1.0,1.75,1.0,13.0,2.0,1.282352941,0.5
IND244921AAB,3.0,2.024096386,1.0,9.0,6.0,2.688405797,1.0
IND245101AAA,17.0,2.357142857,1.0,45.0,16.0,1.7757575755000001,1.0
IND245304AAA,27.0,2.073170732,1.0,28.0,26.0,2.2297297295,1.0
IND246001AAA,4.0,1.2795031055,1.0,719.0,0.0,0.0,0.0
IND246149AAA,15.0,2.689655172,1.0,458.0,18.0,2.4596491225,1.0
IND246174AAA,16.0,1.208352403,0.5,47.5,18.0,1.30110664,0.6666666666666666
IND246424AAA,14.0,1.2417078145,0.5714285714285714,949.0,15.0,1.409090909,1.0
IND246444AAB,15.0,1.409090909,1.0,8.0,16.0,1.208352403,0.5
IND246701AAA,12.0,1.923076923,1.0,19.5,10.0,1.4844155845,1.0
IND246725AAB,10.0,1.4844155845,1.0,9.0,14.0,1.229190101,0.5714285714285714
IND246761AAA,12.0,0.480048005,0.16666666666666666,23.5,11.0,2.516129032,1.0
IND246763AAA,14.0,2.3870967745,1.0,17.0,12.0,1.923076923,1.0
IND247554AAA,14.0,1.19379845,0.35714285714285715,61.0,12.0,1.687826087,1.0
IND247667AAA,14.0,1.843918919,1.0,34.5,5.0,1.964028777,1.0
IND247667AAB,2.0,2.618993994,1.0,22.0,15.0,1.928571429,1.0
IND247776AAA,9.0,1.777777778,1.0,13.0,11.0,1.909090909,1.0
IND248001AAA,12.0,2.051280931,1.0,636.0,29.0,1.846153846,0.7241379310344828
IND248001AAD,9.0,2.078703704,1.0,701.0,3.0,1.651162791,0.6666666666666666
IND248122AAB,15.0,2.210526316,1.0,145.0,16.0,2.31763285,1.0
IND248197AAA,16.0,2.31763285,1.0,47.0,0.0,0.0,0.0
IND249201AAA,11.0,2.192307692,1.0,312.0,22.0,1.7752525255,1.0
IND249407AAA,54.0,2.333343622,1.0,33.5,39.0,2.5,1.0
IND250002AAA,5.0,2.0,1.0,227.0,8.0,1.78506197,0.875
IND250221AAA,1.0,3.125,1.0,1.0,0.0,0.0,0.0
IND250611AAA,11.0,1.909090909,1.0,16.0,3.0,3.314285714,1.0
IND251001AAA,12.0,1.687826087,1.0,51.0,10.0,1.9305650879999998,1.0
IND251201AAA,2.0,4.1027346635,1.0,169.5,1.0,3.125,1.0
IND251309AAB,10.0,1.97875817,1.0,40.0,9.0,1.777777778,1.0
IND261001AAA,20.0,2.1220833335,1.0,47.0,19.0,2.64516129,1.0
IND261201AAB,19.0,2.64516129,1.0,26.0,0.0,0.0,0.0
IND262001AAA,7.0,2.3125,1.0,20.0,5.0,2.024096386,1.0
IND262122AAB,4.0,2.7208016915,1.0,166.5,6.0,2.3820564515,1.0
IND262405AAA,1.0,2.195121951,1.0,599.0,0.0,0.0,0.0
IND262501AAA,8.0,2.004629326,1.0,33.5,11.0,1.966942149,1.0
IND262701AAA,20.0,2.1875,1.0,30.0,20.0,2.1220833335,1.0
IND262802AAA,21.0,2.536231884,1.0,39.0,20.0,2.1875,1.0
IND263002AAA,13.0,1.166666667,0.46153846153846156,32.0,13.0,1.354166667,1.0
IND263139AAA,6.0,1.3617886174999998,0.6666666666666666,773.0,7.0,2.261904762,1.0
IND263153AAB,56.0,1.784946237,0.9821428571428571,112.0,47.0,1.971830986,0.9574468085106383
IND263401AAA,16.0,1.9854925780000001,1.0,600.5,18.0,2.0217391305000003,1.0
IND263601AAA,12.0,1.975274353,1.0,19.0,12.0,2.0315126049999996,1.0
IND263645AAA,13.0,2.039215686,1.0,26.0,15.0,1.188679245,0.4666666666666667
IND271001AAA,6.0,3.2535392535,1.0,912.0,12.0,3.073369565,1.0
IND271201AAA,6.0,2.3666666665,1.0,29.0,5.0,3.459459459,1.0
IND271210AAA,12.0,3.073369565,1.0,174.5,7.0,2.4,1.0
IND272001AAA,7.0,1.675675676,0.8571428571428571,44.0,3.0,1.291666667,1.0
IND272155AAA,3.0,1.291666667,1.0,23.0,0.0,0.0,0.0
IND272207AAB,3.0,3.058823529,1.0,10.0,0.0,0.0,0.0
IND273014AAB,45.0,2.3125,1.0,61.0,43.0,3.967741935,0.9767441860465116
IND273155AAA,2.0,2.1860215050000003,1.0,219.5,5.0,2.3125,1.0
IND273303AAA,1.0,4.041666667,1.0,10.0,1.0,1.533333333,1.0
IND273304AAA,12.0,3.9672043009999998,1.0,386.5,3.0,3.213114754,1.0
IND274001AAA,14.0,1.980978261,1.0,41.0,17.0,3.024390244,1.0
IND274301AAB,13.0,4.5,1.0,179.0,15.0,2.243902439,1.0
IND274304AAA,6.0,5.0384615385,1.0,27.5,3.0,2.416666667,1.0
IND274304AAB,14.0,2.2647058825000004,1.0,29.5,10.0,4.346153846,1.0
IND274402AAA,5.0,3.0,1.0,17.0,2.0,2.625170068,1.0
IND274509AAB,5.0,2.125,1.0,19.0,13.0,1.875,1.0
IND275101AAA,2.0,4.1363636365000005,1.0,36.0,3.0,3.448275862,1.0
IND275303AAA,4.0,2.1525735294999997,1.0,27.0,4.0,4.2692307695,1.0
IND275503AAA,4.0,4.2692307695,1.0,26.5,3.0,4.0,1.0
IND276128AAA,6.0,2.0754985755,1.0,31.0,2.0,2.8021978020000002,1.0
IND276129AAA,1.0,3.706666667,1.0,867.0,1.0,2.378378378,1.0
IND276140AAA,1.0,2.378378378,1.0,57.0,4.0,2.1525735294999997,1.0
IND276305AAA,7.0,2.04,1.0,38.0,6.0,2.0754985755,1.0
IND277201AAA,7.0,2.490909091,1.0,20.0,5.0,2.523809524,1.0
IND277211AAA,5.0,2.523809524,1.0,15.0,6.0,1.4142156865,1.0
IND277303AAC,6.0,1.4142156865,1.0,27.0,18.0,1.98,1.0
IND281121AAB,13.0,2.15,1.0,28.0,0.0,0.0,0.0
IND281401AAA,12.0,1.6458333335000002,0.9166666666666666,12.5,0.0,0.0,0.0
IND282001AAA,12.0,1.754189944,1.0,91.5,13.0,2.181318681,1.0
IND282001AAC,2.0,1.753012048,1.0,87.5,1.0,2.105960265,1.0
IND282001AAF,18.0,2.1885964915000002,1.0,48.5,0.0,0.0,0.0
IND282002AAD,30.0,1.5636770085,0.9333333333333333,78.5,30.0,2.2576428885,1.0
IND283122AAB,10.0,1.220967742,0.5,36.5,18.0,2.1885964915000002,1.0
IND283203AAA,14.0,2.18877551,1.0,57.5,14.0,2.2755417959999997,1.0
IND284001AAA,6.0,1.7021822845,1.0,38.5,0.0,0.0,0.0
IND284403AAA,3.0,1.926470588,1.0,51.0,6.0,1.7021822845,1.0
IND285001AAD,21.0,1.424242424,0.9047619047619048,33.0,21.0,2.114285714,1.0
IND285205AAB,5.0,2.1875,1.0,53.0,21.0,1.424242424,0.9047619047619048
IND301001AAB,18.0,1.8511066399999998,1.0,71.5,37.0,1.829787234,1.0
IND301019AAA,8.0,3.2297003909999997,1.0,34.0,0.0,0.0,0.0
IND301705AAA,1.0,2.75862069,1.0,12.0,7.0,3.29787234,1.0
IND302004AAA,8.0,2.7589285715000003,1.0,126.0,26.0,2.339366516,0.9230769230769231
IND302006AAA,13.0,3.0,1.0,27.0,16.0,1.9354166665,1.0
IND302006AAC,1.0,3.5,1.0,2.0,22.0,2.3333333334999997,1.0
IND302014AAA,96.0,1.935964912,1.0,173.0,96.0,1.9674346470000001,1.0
IND302014AAB,150.0,2.1416666665,0.9533333333333334,36.0,58.0,2.5104590890000003,1.0
IND302020AAA,14.0,3.0353535355,1.0,17.5,18.0,2.0416666665000003,1.0
IND302022AAD,7.0,1.909090909,1.0,384.0,20.0,1.6913702005,1.0
IND302026AAA,1.0,6.823529412,1.0,24.0,19.0,3.833333333,1.0
IND303002AAA,10.0,1.857142857,1.0,19.0,9.0,1.52173913,1.0
IND303008AAB,5.0,1.533333333,0.8,30.0,5.0,1.923076923,1.0
IND303106AAA,11.0,1.75,1.0,24.0,9.0,1.548387097,1.0
IND303108AAB,9.0,1.548387097,1.0,20.0,0.0,0.0,0.0
IND303301AAB,12.0,1.4772727275,1.0,6.5,10.0,1.3125,0.5
IND303303AAA,16.0,1.3441558445,0.8125,11.0,15.0,1.5,1.0
IND303338AAB,6.0,1.245614035,0.6666666666666666,30.0,6.0,1.5,0.6666666666666666
IND303503AAA,11.0,1.736842105,1.0,8.0,12.0,1.6942528735,1.0
IND303603AAB,7.0,2.472972973,0.8571428571428571,24.0,7.0,1.245614035,0.7142857142857143
IND303702AAB,12.0,1.5708333335,1.0,23.0,9.0,2.210526316,1.0
IND303901AAA,3.0,1.904761905,1.0,16.0,10.0,2.0294117645,1.0
IND304001AAA,1.0,1.482758621,1.0,36.0,4.0,1.9285714285,1.0
IND305001AAC,45.0,2.024390244,1.0,102.0,67.0,2.509433962,1.0
IND305404AAA,14.0,1.450487013,0.9285714285714286,18.5,8.0,1.669320269,0.875
IND305601AAC,18.0,1.9852941175,1.0,20.0,13.0,1.446428571,0.9230769230769231
IND305624AAA,8.0,1.669320269,0.875,44.5,10.0,3.6061461795,1.0
IND305802AAA,6.0,2.0165912515,1.0,18.0,11.0,2.142857143,1.0
IND305901AAA,7.0,2.076923077,1.0,56.0,17.0,1.931818182,1.0
IND306116AAA,3.0,1.93902439,1.0,13.0,1.0,1.518518519,1.0
IND306304AAB,1.0,1.913043478,1.0,9.0,1.0,2.162790698,1.0
IND306401AAB,60.0,2.0525991795,1.0,51.5,34.0,2.004032258,1.0
IND306902AAA,1.0,1.518518519,1.0,29.0,2.0,1.557692308,1.0
IND307001AAA,2.0,1.557692308,1.0,11.0,2.0,1.4,1.0
IND311001AAA,5.0,1.846153846,1.0,2.0,14.0,1.592132505,1.0
IND311301AAA,6.0,4.3655462185000005,1.0,19.5,0.0,0.0,0.0
IND311302AAA,3.0,1.666666667,1.0,219.0,4.0,1.9696796335,1.0
IND312001AAA,19.0,1.565217391,0.8947368421052632,32.0,22.0,2.0126582280000003,1.0
IND312403AAA,9.0,1.608695652,1.0,29.0,7.0,2.466666667,1.0
IND312601AAA,6.0,1.313633521,0.8333333333333334,21.0,6.0,1.358416131,0.6666666666666666
IND312605AAB,19.0,1.878787879,1.0,47.0,14.0,1.707706767,1.0
IND313001AAB,53.0,2.075949367,1.0,96.0,47.0,1.974489796,1.0
IND313324AAA,14.0,1.7987588655,1.0,31.0,5.0,1.846153846,1.0
IND321001AAA,13.0,1.263157895,0.6923076923076923,14.0,9.0,1.469387755,0.8888888888888888
IND321001AAB,8.0,1.5415360505,0.875,18.0,13.0,1.738461538,1.0
IND321022AAA,9.0,3.219512195,1.0,31.0,9.0,1.484848485,0.8888888888888888
IND321408AAB,5.0,2.0625,1.0,32.0,0.0,0.0,0.0
IND321606AAA,9.0,1.681818182,1.0,207.0,7.0,2.227272727,1.0
IND322001AAC,3.0,1.773913043,1.0,20.0,1.0,1.482758621,1.0
IND322201AAA,14.0,1.75,1.0,14.0,15.0,2.136363636,1.0
IND322230AAA,14.0,1.5892857139999998,1.0,17.0,16.0,1.3441558445,0.8125
IND322241AAA,15.0,2.136363636,1.0,30.0,14.0,1.5892857139999998,1.0
IND327001AAB,4.0,1.4112903225,1.0,13.5,8.0,2.7417218544999997,1.0
IND328001AAA,14.0,2.107829282,1.0,29.0,13.0,1.290322581,0.6153846153846154
IND331022A1B,1.0,2.612244898,1.0,0.0,0.0,0.0,0.0
IND331023AAA,3.0,1.161290323,0.3333333333333333,27.0,5.0,2.8,1.0
IND331304AAA,4.0,4.1040209789999995,1.0,46.5,3.0,1.161290323,0.3333333333333333
IND331507AAA,3.0,2.401197605,1.0,15.0,0.0,0.0,0.0
IND331701AAA,2.0,5.484375,1.0,178.5,1.0,1.714285714,1.0
IND332001AAB,34.0,1.5684046345,0.9117647058823529,64.5,20.0,1.526598027,1.0
IND332404AAA,12.0,1.397147147,1.0,21.0,9.0,1.6,1.0
IND332713AAA,7.0,2.21875,1.0,16.0,2.0,1.7542213885,1.0
IND333001AAA,3.0,1.378378378,0.6666666666666666,14.0,3.0,1.271186441,0.6666666666666666
IND333028AAA,2.0,1.4020542919999999,0.5,24.5,5.0,1.378378378,0.8
IND333031AAA,5.0,2.8,1.0,31.0,15.0,1.611111111,1.0
IND333042AAA,13.0,1.605263158,1.0,20.0,14.0,1.3614982580000001,0.8571428571428571
IND333504AAA,2.0,1.7542213885,1.0,7.0,1.0,1.655172414,1.0
IND334001AAB,2.0,1.898610508,1.0,19.0,10.0,1.612363127,1.0
IND334001AAC,6.0,1.6265873014999999,1.0,14.0,3.0,1.588235294,1.0
IND334803AAA,3.0,1.975,1.0,11.0,6.0,1.7111111110000001,1.0
IND335001AAA,10.0,1.8242647060000001,1.0,40.0,6.0,1.7905162065,1.0
IND335051AAA,10.0,1.757731959,0.9,144.5,7.0,1.063829787,0.42857142857142855
IND335501AAA,1.0,1.714285714,1.0,24.0,1.0,1.890410959,1.0
IND335513AAA,16.0,1.58,1.0,46.0,20.0,1.76,0.95
IND335523AAB,1.0,3.754237288,1.0,82.0,6.0,3.059322034,0.8333333333333334
IND335524AAA,1.0,1.14893617,0.0,38.0,7.0,1.878787879,1.0
IND335701AAA,7.0,1.063829787,0.42857142857142855,21.0,11.0,1.144927536,0.45454545454545453
IND335703AAA,9.0,1.09375,0.4444444444444444,16.0,9.0,1.078947368,0.2222222222222222
IND335803AAA,7.0,1.142857143,0.42857142857142855,8.0,9.0,1.310344828,1.0
IND335804AAD,11.0,1.135135135,0.2727272727272727,26.0,8.0,1.3214285715,0.5
IND341001AAC,9.0,1.55952381,1.0,32.0,5.0,1.630952381,1.0
IND341030AAA,3.0,1.466666667,1.0,8.0,2.0,1.8787248785,1.0
IND341303AAA,14.0,1.6733333335,1.0,21.0,10.0,1.5555403555,1.0
IND341306AAA,4.0,2.3205882349999998,1.0,71.5,14.0,1.6733333335,1.0
IND341503AAB,12.0,2.060606061,1.0,31.0,12.0,1.849547511,1.0
IND341505AAA,13.0,1.852941176,1.0,50.0,5.0,1.727272727,1.0
IND341510AAB,14.0,2.3727272729999997,1.0,193.0,13.0,2.060606061,1.0
IND341512AAA,5.0,1.727272727,1.0,13.0,6.0,2.0165912515,1.0
IND342005AAD,19.0,2.065789474,1.0,174.0,31.0,2.037735849,1.0
IND342301AAA,13.0,5.7265625,1.0,25.0,16.0,1.6647071875,0.875
IND342601AAA,9.0,1.947368421,1.0,21.0,9.0,2.142857143,1.0
IND342602AAC,4.0,2.0945532435,1.0,20.5,8.0,1.9114583335,1.0
IND342902A1B,9.0,2.342391304,1.0,80.0,7.0,1.947368421,1.0
IND342902AAA,5.0,2.387096774,1.0,85.0,8.0,1.9984431759999999,1.0
IND343001AAA,2.0,1.3153846155,0.5,21.0,5.0,2.034482759,1.0
IND343029AAB,2.0,1.4,1.0,14.5,2.0,1.3153846155,0.5
IND344001AAA,13.0,1.61928934,0.5384615384615384,17.0,9.0,1.449275362,0.7777777777777778
IND344022AAB,10.0,1.4525788575,0.8,22.5,4.0,1.773333333,1.0
IND345001AAA,5.0,1.337662338,1.0,12.0,6.0,0.772594947,0.0
IND345021AAA,10.0,1.4492424245,0.8,20.0,7.0,1.346153846,1.0
IND360003AAA,2.0,2.1023076925,1.0,43.0,0.0,0.0,0.0
IND360311AAA,1.0,1.377777778,1.0,7.0,2.0,2.1023076925,1.0
IND360370AAA,1.0,2.461538462,1.0,5.0,10.0,2.0652173915,1.0
IND360410AAA,2.0,2.824175824,1.0,8.0,1.0,2.461538462,1.0
IND360490AAA,10.0,2.3092209855,1.0,26.5,2.0,2.824175824,1.0
IND360510AAB,13.0,1.423076923,0.9230769230769231,12.0,10.0,1.7375,1.0
IND360530AAB,15.0,2.0,1.0,14.0,13.0,1.423076923,0.9230769230769231
IND360575AAA,10.0,1.7375,1.0,20.5,11.0,1.481927711,1.0
IND361001AAA,16.0,1.733653846,1.0,28.5,0.0,0.0,0.0
IND361305AAC,11.0,1.7,1.0,5.0,16.0,1.733653846,1.0
IND361315AAA,11.0,1.555555556,1.0,3.0,10.0,1.7029411765,1.0
IND361335AAA,1.0,1.336898396,1.0,33.0,12.0,1.5634920635,1.0
IND362001AAA,37.0,1.913043478,1.0,25.0,36.0,1.9855072465,1.0
IND362150AAA,11.0,1.626865672,1.0,7.0,11.0,1.754098361,1.0
IND362220AAA,8.0,1.9180602005,1.0,13.0,14.0,2.0833333334999997,1.0
IND362225AAA,6.0,1.7824074075,1.0,3.0,6.0,1.9415384615,1.0
IND362265AAA,16.0,2.285714286,1.0,22.0,10.0,1.7403846155,1.0
IND362560AAA,11.0,1.754098361,1.0,18.0,17.0,2.0,1.0
IND362720AAA,17.0,2.0,1.0,12.0,16.0,2.285714286,1.0
IND363001AAA,14.0,1.151515152,0.2857142857142857,20.0,13.0,1.183673469,0.3076923076923077
IND363310AAB,9.0,1.377622378,1.0,14.0,9.0,1.675675676,0.8888888888888888
IND363330AAB,8.0,1.615615616,0.875,20.5,8.0,1.3185185185,0.875
IND363421AAB,13.0,1.894736842,1.0,20.0,14.0,1.151515152,0.2857142857142857
IND363520AAC,13.0,1.183673469,0.3076923076923077,34.0,0.0,0.0,0.0
IND363621AAB,2.0,1.7352941175,1.0,14.5,6.0,1.478163993,0.8333333333333334
IND363641AAA,7.0,1.515151515,0.8571428571428571,17.0,0.0,0.0,0.0
IND364004AAB,7.0,1.947368421,1.0,89.0,11.0,1.633587786,1.0
IND364270AAA,2.0,1.8967105265000002,1.0,0.0,0.0,0.0,0.0
IND364290AAA,1.0,2.172413793,1.0,18.0,11.0,2.482758621,1.0
IND365560AAA,7.0,1.714285714,1.0,14.0,7.0,1.947368421,1.0
IND365560AAB,11.0,2.482758621,1.0,22.0,8.0,1.7554479415,1.0
IND370001AAA,13.0,1.818181818,1.0,17.0,16.0,2.1869565215,1.0
IND370110AAA,15.0,2.096774194,1.0,11.0,4.0,1.8529411765,1.0
IND370201AAA,9.0,1.355555556,0.8888888888888888,109.0,13.0,1.476635514,1.0
IND370615AAB,2.0,4.1182065215,1.0,158.0,9.0,1.818181818,1.0
IND380005AAA,9.0,3.0,1.0,31.0,36.0,1.9545454544999998,1.0
IND380006AAA,18.0,1.818181818,1.0,22.5,0.0,0.0,0.0
IND380006AAB,27.0,3.583333333,1.0,20.0,0.0,0.0,0.0
IND380021AAA,30.0,2.8846153845,1.0,54.0,0.0,0.0,0.0
IND380054AAA,24.0,2.363970588,1.0,25.5,39.0,2.176470588,1.0
IND382421AAA,29.0,1.857142857,0.7931034482758621,32.0,6.0,2.6833333335000003,1.0
IND382430AAB,277.0,1.882352941,0.9927797833935018,137.0,255.0,2.08913649,1.0
IND382715AAA,18.0,1.981818182,1.0,13.5,18.0,1.4935897434999998,1.0
IND382721AAA,15.0,2.731707317,1.0,24.0,16.0,1.333333333,0.625
IND383001AAA,13.0,1.219512195,0.5384615384615384,14.0,11.0,1.474576271,1.0
IND383255AAB,9.0,1.457943925,0.7777777777777778,83.0,12.0,1.194483403,0.5
IND383315AAC,13.0,1.215053763,0.5384615384615384,5.0,13.0,1.219512195,0.5384615384615384
IND384170AAA,12.0,1.2864583335000002,0.6666666666666666,4.5,6.0,1.2142857145,0.5
IND384205AAA,50.0,1.5125,0.94,24.0,52.0,1.6093837535,0.9230769230769231
IND384265AAB,12.0,1.2979824560000002,0.8333333333333334,13.0,12.0,1.2864583335000002,0.6666666666666666
IND384355AAB,13.0,1.492307692,1.0,5.0,13.0,1.676470588,1.0
IND385001AAA,14.0,1.527777778,1.0,20.0,13.0,1.492307692,1.0
IND385320AAA,16.0,0.7757296469999999,0.0,7.0,11.0,1.293333333,0.8181818181818182
IND385340AAB,4.0,1.4810457515,0.75,161.5,17.0,0.80952381,0.058823529411764705
IND385535AAA,17.0,1.95,1.0,174.0,14.0,1.527777778,1.0
IND387001AAA,14.0,1.76,1.0,28.5,11.0,1.692307692,1.0
IND387620AAB,1.0,2.184615385,1.0,15.0,1.0,2.037735849,1.0
IND388121AAA,11.0,1.558139535,1.0,21.0,1.0,4.25,1.0
IND388220AAA,14.0,1.7446153844999999,1.0,44.5,15.0,1.76,1.0
IND388320AAA,19.0,1.733333333,1.0,39.0,54.0,1.8112535615,0.9814814814814815
IND388620AAB,13.0,1.804347826,1.0,25.0,11.0,1.558139535,1.0
IND389001AAA,21.0,1.725490196,1.0,28.0,21.0,1.693877551,1.0
IND389151AAA,11.0,2.848484848,1.0,30.0,21.0,1.725490196,1.0
IND390018AAB,1.0,2.0,1.0,31.0,1.0,3.363636364,1.0
IND390020AAA,10.0,1.8961675575,1.0,22.5,8.0,3.142857143,1.0
IND390022AAA,50.0,1.88,1.0,60.0,28.0,1.7926606265,1.0
IND391110AAD,5.0,3.285714286,1.0,61.0,7.0,1.848484848,1.0
IND395001AAA,1.0,4.071428571,1.0,29.0,8.0,2.25,1.0
IND395004AAB,2.0,4.705882353,1.0,16.0,17.0,2.428571429,1.0
IND395006AAA,1.0,6.875,1.0,90.0,27.0,1.846153846,1.0
IND395009AAA,1.0,3.277777778,1.0,38.0,4.0,2.8770833335,1.0
IND395010AAB,1.0,1.4375,1.0,63.0,0.0,0.0,0.0
IND395023AAA,93.0,1.893048128,1.0,188.0,81.0,1.851485149,1.0
IND395023AAD,63.0,2.125,1.0,47.0,10.0,2.9195906435,1.0
IND396001AAA,5.0,2.333333333,1.0,977.0,8.0,1.455026455,1.0
IND396105AAA,2.0,2.158730159,1.0,180.5,2.0,0.7509881425,0.0
IND396191AAB,2.0,2.1443809524999997,1.0,93.5,0.0,0.0,0.0
IND396191AAC,29.0,2.515873016,0.9310344827586207,42.0,27.0,2.928571429,1.0
IND396232AAA,15.0,3.5,1.0,20.0,17.0,2.692307692,1.0
IND396321AAA,25.0,1.75,1.0,22.0,14.0,2.0408333335,1.0
IND396445AAA,7.0,2.2,1.0,58.0,7.0,1.875,1.0
IND396580AAB,7.0,2.0,1.0,270.0,17.0,1.866666667,1.0
IND400011AAA,65.0,2.625,1.0,40.0,19.0,3.35,1.0
IND400015AAA,35.0,2.75,1.0,76.0,108.0,2.764705882,1.0
IND400015AAB,28.0,3.578125,1.0,85.0,32.0,2.209375,1.0
IND400016AAA,1.0,1.8,1.0,64.0,0.0,0.0,0.0
IND400016AAB,16.0,2.9583333334999997,1.0,57.0,0.0,0.0,0.0
IND400037AAA,13.0,3.307692308,1.0,57.0,0.0,0.0,0.0
IND400064AAB,21.0,3.076923077,1.0,45.0,0.0,0.0,0.0
IND400072AAA,1.0,4.0,1.0,218.0,29.0,2.434782609,1.0
IND400072AAB,295.0,2.647058824,1.0,59.0,225.0,2.428571429,1.0
IND400072AAC,17.0,3.35,1.0,64.0,0.0,0.0,0.0
IND400072AAD,96.0,2.402777778,1.0,134.0,85.0,2.777777778,1.0
IND400102AAB,20.0,1.9041666665,1.0,205.0,32.0,2.274535809,1.0
IND400102AAC,34.0,2.877380952,1.0,90.5,59.0,2.451612903,1.0
IND400612AAA,10.0,2.375,1.0,119.5,14.0,2.4,1.0
IND400701AAA,18.0,2.2676470589999997,1.0,32.5,1.0,2.947368421,1.0
IND400701AAB,25.0,2.45,1.0,125.0,25.0,2.421052632,1.0
IND400705AAA,12.0,3.07,1.0,105.0,1.0,3.666666667,1.0
IND400706AAA,2.0,4.712121212,1.0,34.5,2.0,3.511111111,1.0
IND401104AAA,77.0,2.529411765,1.0,64.0,181.0,2.75,1.0
IND401104AAB,26.0,2.3277777779999997,1.0,125.5,11.0,2.384615385,1.0
IND401209AAA,20.0,2.066666667,1.0,120.5,1.0,2.761904762,1.0
IND401209AAB,32.0,2.492857143,1.0,96.5,0.0,0.0,0.0
IND401501AAA,17.0,2.0,1.0,46.0,7.0,6.482758621,1.0
IND401602AAA,7.0,6.482758621,1.0,88.0,17.0,2.0,1.0
IND402107AAA,18.0,2.2833333335,1.0,20.0,13.0,2.0,1.0
IND402109AAA,20.0,1.9039855075,1.0,5.5,18.0,2.2833333335,1.0
IND402301AAA,13.0,2.0,1.0,27.0,20.0,1.9039855075,1.0
IND403002AAA,1.0,1.724137931,1.0,469.0,4.0,1.291666667,0.75
IND403401AAA,1.0,2.119047619,1.0,302.0,6.0,2.0,1.0
IND403507AAA,3.0,1.612903226,1.0,421.0,5.0,1.333333333,0.8
IND403507AAB,1.0,2.302325581,1.0,283.0,1.0,0.930232558,0.0
IND403601AAA,4.0,1.7833333335,1.0,497.0,6.0,1.4920634925,1.0
IND403702AAA,9.0,1.887218045,1.0,59.0,9.0,1.8,1.0
IND403726AAA,43.0,1.82278481,1.0,93.0,43.0,2.059125964,1.0
IND403726AAB,22.0,1.4920634925,0.8636363636363636,166.5,10.0,1.8120689655,1.0
IND410206AAA,12.0,2.3603896105,1.0,31.5,19.0,2.235294118,1.0
IND410206AAB,36.0,2.3033088235,1.0,63.0,1.0,3.117647059,1.0
IND410401AAA,9.0,2.47761194,1.0,37.0,11.0,2.462686567,1.0
IND410501AAF,4.0,5.390476190499999,1.0,42.5,5.0,4.1,1.0
IND410503AAA,2.0,3.7954545455,1.0,24.5,3.0,2.680851064,1.0
IND410505AAB,7.0,2.6,1.0,26.0,9.0,1.655172414,1.0
IND411014AAA,28.0,3.0714285715000003,0.9642857142857143,54.5,47.0,2.407407407,0.9148936170212766
IND411017AAA,2.0,2.8529411765,1.0,17.5,33.0,2.333333333,1.0
IND411021AAA,29.0,1.363636364,0.6206896551724138,48.0,39.0,1.692307692,0.717948717948718
IND411033AAA,400.0,1.929971989,0.9625,115.5,326.0,2.080229885,0.9631901840490797
IND411033AAB,1.0,5.266666667,1.0,79.0,0.0,0.0,0.0
IND411036AAA,32.0,2.2266009855,1.0,139.5,32.0,1.75,1.0
IND411043AAA,3.0,3.0,1.0,61.0,7.0,4.333333333,1.0
IND411048AAA,2.0,3.857142857,1.0,65.5,6.0,3.464285714,1.0
IND412105AAC,33.0,2.333333333,1.0,27.0,2.0,2.8529411765,1.0
IND412210AAC,2.0,2.476190476,1.0,25.5,1.0,1.736842105,1.0
IND412803AAB,2.0,1.1150537635,0.0,7.0,7.0,1.279069767,0.7142857142857143
IND413002AAA,58.0,1.7597583645000001,1.0,47.0,51.0,1.826923077,1.0
IND413304AAA,11.0,1.603773585,1.0,15.0,13.0,2.038461538,1.0
IND413307AAB,3.0,2.260869565,1.0,21.0,4.0,1.7663003664999999,1.0
IND413307AAC,1.0,2.828125,1.0,11.0,1.0,2.0,1.0
IND413401AAA,19.0,2.134831461,1.0,60.0,21.0,1.428571429,1.0
IND413501AAA,22.0,1.428571429,1.0,38.0,22.0,1.563829787,1.0
IND413517AAA,3.0,3.129411765,1.0,62.0,5.0,2.260869565,1.0
IND413531AAA,4.0,2.1521739130000004,1.0,28.0,4.0,2.304075235,1.0
IND413709AAA,17.0,1.928571429,1.0,28.0,14.0,1.803968254,1.0
IND414001AAA,3.0,1.813953488,1.0,50.0,3.0,1.775700935,1.0
IND414203AAB,1.0,1.783783784,1.0,22.0,1.0,1.813953488,1.0
IND414302AAB,3.0,2.214285714,1.0,130.0,2.0,1.6713036565000001,1.0
IND414502AAA,7.0,1.576923077,1.0,20.0,7.0,2.107142857,1.0
IND415003AAA,9.0,1.285714286,0.7777777777777778,43.0,8.0,1.8999335105,1.0
IND415124AAA,16.0,1.095808383,0.1875,19.5,13.0,1.666666667,0.8461538461538461
IND415301AAB,4.0,1.7663003664999999,1.0,8.0,6.0,1.4803921565,1.0
IND415408AAC,8.0,4.112244898,1.0,220.5,8.0,2.6117424245,1.0
IND415409AAB,13.0,1.666666667,0.8461538461538461,13.0,4.0,1.828598485,1.0
IND415605AAA,16.0,2.42,1.0,20.0,16.0,1.095808383,0.1875
IND415612AAA,8.0,2.6117424245,1.0,27.5,10.0,2.8144329900000002,1.0
IND415709AAA,6.0,2.3969696970000003,1.0,219.0,16.0,2.42,1.0
IND416012AAA,47.0,1.90625,1.0,78.0,44.0,1.8000068845,1.0
IND416122AAA,1.0,1.888655462,1.0,56.0,1.0,1.734104046,1.0
IND416404AAA,6.0,4.81,1.0,118.5,9.0,2.069767442,1.0
IND416510AAA,20.0,2.1444444445,1.0,20.0,14.0,2.027777778,1.0
IND416602AAC,7.0,2.243150685,1.0,50.0,6.0,2.6625,1.0
IND416606AAA,10.0,2.0,1.0,1273.5,14.0,2.084219858,1.0
IND421301AAA,14.0,3.652777778,1.0,80.5,16.0,4.0,1.0
IND421302AAF,12.0,2.9444444445,1.0,76.0,1.0,4.235294118,1.0
IND421302AAG,810.0,2.230769231,0.9987654320987654,146.0,568.0,2.238095238,1.0
IND421302AAN,16.0,2.5322966510000002,1.0,65.0,0.0,0.0,0.0
IND421302AAR,58.0,3.272727273,1.0,64.0,74.0,2.8819444445,1.0
IND421401AAC,11.0,2.666666667,1.0,27.0,10.0,2.5899784485,1.0
IND421502AAA,17.0,3.294117647,1.0,24.0,0.0,0.0,0.0
IND421601AAB,11.0,2.222222222,1.0,73.0,11.0,2.666666667,1.0
IND421802AAA,7.0,1.5,1.0,145.0,2.0,1.1150537635,0.0
IND422011AAD,33.0,1.804123711,0.9696969696969697,231.0,39.0,1.827160494,0.9743589743589743
IND422103AAC,11.0,1.793103448,1.0,17.0,11.0,1.388888889,0.9090909090909091
IND422605AAA,10.0,1.8555555555,1.0,19.0,10.0,1.767519466,1.0
IND423105AAA,8.0,1.470588235,1.0,16.5,9.0,1.571428571,1.0
IND423106AAA,8.0,1.5276497695,1.0,19.0,6.0,1.3377609105000001,1.0
IND423109AAA,14.0,2.125,1.0,24.0,16.0,1.906593407,1.0
IND423601AAA,15.0,2.173913043,1.0,27.0,14.0,2.0,1.0
IND423701AAB,18.0,2.2253477105,1.0,31.5,16.0,2.2195512820000003,1.0
IND424006AAA,38.0,1.987804878,0.9736842105263158,24.5,10.0,2.607347185,1.0
IND424101AAA,1.0,1.625,1.0,27.0,8.0,1.7682926829999999,1.0
IND424304AAC,9.0,1.771428571,1.0,11.0,10.0,2.0990853659999997,1.0
IND425109AAA,1.0,1.35,1.0,5.0,1.0,1.548387097,1.0
IND425201AAA,9.0,1.947368421,1.0,21.0,9.0,2.823529412,1.0
IND425401AAA,1.0,1.548387097,1.0,40.0,1.0,1.176470588,0.0
IND425405AAA,3.0,2.325581395,1.0,25.0,7.0,1.934782609,1.0
IND425406AAA,7.0,2.047619048,1.0,1.0,11.0,2.277777778,1.0
IND425409AAA,11.0,2.202898551,1.0,9.0,12.0,2.3120351589999997,1.0
IND425412AAA,13.0,2.225806452,1.0,7.0,15.0,1.974358974,1.0
IND425508AAB,16.0,2.6862745099999996,1.0,16.5,11.0,1.947368421,1.0
IND431001AAB,17.0,3.25,1.0,75.0,0.0,0.0,0.0
IND431107AAB,6.0,1.87,1.0,23.0,7.0,1.576923077,1.0
IND431112AAB,11.0,3.272727273,1.0,9.0,11.0,2.0,1.0
IND431122AAA,7.0,2.095238095,1.0,41.0,9.0,2.224489796,1.0
IND431127AAA,7.0,2.107142857,1.0,22.0,7.0,2.095238095,1.0
IND431131AAB,1.0,2.363636364,1.0,936.0,0.0,0.0,0.0
IND431136AAC,57.0,2.282828283,1.0,277.0,48.0,2.667581475,1.0
IND431203AAA,12.0,1.9795918365,1.0,62.0,15.0,1.777777778,1.0
IND431514AAA,16.0,2.0465367965,1.0,22.5,16.0,2.068965517,1.0
IND431515AAA,14.0,2.933333333,1.0,25.0,16.0,2.0465367965,1.0
IND431517AAB,12.0,2.768272114,1.0,39.0,14.0,2.933333333,1.0
IND431603AAA,21.0,2.183908046,1.0,69.0,18.0,2.255050212,1.0
IND431708AAA,16.0,2.068965517,1.0,12.5,15.0,2.043478261,1.0
IND431717AAA,1.0,2.115384615,1.0,649.0,2.0,2.887921022,1.0
IND441206AAB,8.0,2.739800995,1.0,19.5,0.0,0.0,0.0
IND441603AAA,1.0,1.833333333,1.0,50.0,4.0,2.149621212,1.0
IND441614AAA,9.0,2.296296296,1.0,26.0,0.0,0.0,0.0
IND441904AAB,12.0,1.7857142855,1.0,21.5,0.0,0.0,0.0
IND441912AAA,11.0,2.702702703,1.0,30.0,12.0,1.7857142855,1.0
IND442001AAA,5.0,3.714285714,1.0,15.0,0.0,0.0,0.0
IND442101AAB,12.0,2.1505255255,1.0,20.0,5.0,3.714285714,1.0
IND442605AAA,3.0,2.090909091,1.0,18.0,8.0,2.6,1.0
IND443201AAA,1.0,6.25,1.0,36.0,2.0,2.6809475805,1.0
IND443301AAA,2.0,2.6809475805,1.0,40.5,5.0,2.375,1.0
IND444005AAB,26.0,2.3105185375,1.0,91.5,46.0,2.2857793505000004,1.0
IND444203AAA,5.0,2.5,1.0,332.0,3.0,3.818181818,1.0
IND444303AAA,2.0,3.2424242425,1.0,35.5,1.0,4.0,1.0
IND444602AAA,21.0,2.081081081,1.0,64.0,0.0,0.0,0.0
IND445101AAA,1.0,4.210526316,1.0,111.0,0.0,0.0,0.0
IND450331AAA,13.0,2.242857143,1.0,18.0,16.0,2.6862745099999996,1.0
IND451666AAA,10.0,2.607347185,1.0,44.5,0.0,0.0,0.0
IND452001AAC,11.0,2.666666667,1.0,37.0,14.0,2.285607676,1.0
IND454001AAA,17.0,1.146067416,0.35294117647058826,34.0,0.0,0.0,0.0
IND457001AAA,19.0,1.1,0.42105263157894735,45.0,17.0,1.146067416,0.35294117647058826
IND457226AAA,16.0,1.795221843,1.0,41.5,16.0,1.076973684,0.3125
IND458001AAB,11.0,1.518518519,1.0,18.0,12.0,1.787878788,1.0
IND458664AAA,7.0,2.466666667,1.0,23.0,6.0,1.313633521,0.8333333333333334
IND458990AAA,10.0,2.228448276,1.0,255.5,11.0,1.518518519,1.0
IND460001AAA,21.0,2.215384615,1.0,22.0,20.0,1.8782390269999998,1.0
IND461001AAA,1.0,4.785714286,1.0,6.0,5.0,2.5,1.0
IND461111AAA,20.0,1.8782390269999998,1.0,17.5,1.0,4.785714286,1.0
IND462001AAA,27.0,3.583333333,1.0,32.0,4.0,2.278846154,1.0
IND462011AAA,11.0,2.363636364,1.0,12.0,30.0,2.3901515155,1.0
IND462021AAA,1.0,6.727272727,1.0,6.0,0.0,0.0,0.0
IND462022AAA,123.0,2.191489362,1.0,85.0,142.0,2.2027923334999997,1.0
IND462042AAA,17.0,3.2,1.0,32.0,2.0,3.5666666664999997,1.0
IND464001AAA,1.0,1.842105263,1.0,18.0,0.0,0.0,0.0
IND464221AAA,1.0,1.541984733,1.0,41.0,1.0,1.842105263,1.0
IND464668AAA,2.0,2.5535714285,1.0,14.0,7.0,2.428571429,1.0
IND465001AAA,9.0,1.537572254,0.8888888888888888,37.0,13.0,1.449275362,0.9230769230769231
IND465333A1B,2.0,0.9456580365,0.5,27.5,2.0,1.056100982,0.5
IND465333AAA,3.0,1.865384615,1.0,413.0,4.0,1.3405462185,0.75
IND465669AAB,11.0,1.527777778,1.0,23.0,10.0,2.11942959,1.0
IND465683AAA,13.0,1.449275362,0.9230769230769231,7.0,11.0,1.527777778,1.0
IND466001AAA,15.0,1.766666667,1.0,8.0,14.0,2.73255814,1.0
IND466116AAA,13.0,2.385714286,1.0,85.0,15.0,1.766666667,1.0
IND470004AAA,6.0,2.1750957855,1.0,28.5,1.0,1.541984733,1.0
IND470113AAA,3.0,2.428571429,1.0,22.0,9.0,1.86440678,1.0
IND470117AAA,6.0,1.752631579,1.0,23.0,3.0,2.428571429,1.0
IND471001AAA,9.0,1.620253165,1.0,28.0,12.0,2.1352688575,1.0
IND472001AAA,19.0,2.322580645,1.0,222.0,11.0,1.625,1.0
IND473001AAA,11.0,2.025641026,1.0,21.0,10.0,1.303846154,0.8
IND473226AAA,20.0,1.6211604094999998,0.9,43.5,9.0,1.87654321,1.0
IND473331AAA,9.0,1.87654321,1.0,1019.0,11.0,2.025641026,1.0
IND473443AAA,7.0,1.813559322,1.0,16.0,2.0,2.0466101695,1.0
IND474003AAA,40.0,1.705514609,1.0,71.0,40.0,1.8772898850000002,1.0
IND476001AAA,1.0,2.208333333,1.0,6.0,3.0,1.594594595,1.0
IND476111AAA,8.0,2.049019608,1.0,10.5,9.0,2.412698413,1.0
IND477001AAA,1.0,3.363636364,1.0,493.0,6.0,1.9598039215,1.0
IND477001AAB,8.0,3.4895368785,1.0,437.0,2.0,2.173076923,1.0
IND480001AAA,12.0,1.5535444945,1.0,19.0,8.0,1.6055263160000002,1.0
IND480334AAA,21.0,1.416666667,0.9523809523809523,26.0,21.0,2.215384615,1.0
IND480661AAA,8.0,1.5376791495000002,0.875,18.5,14.0,1.5904361745,1.0
IND480886AAA,8.0,1.577828283,1.0,3.0,8.0,2.2575757574999997,1.0
IND481661AAA,9.0,3.5,1.0,41.0,8.0,1.4909758530000001,0.875
IND483225AAA,3.0,2.121212121,1.0,0.0,3.0,2.863636364,1.0
IND483501AAA,3.0,2.0,1.0,24.0,14.0,2.3854282534999998,1.0
IND483770AAA,2.0,2.4852537095000002,1.0,367.5,3.0,2.0,1.0
IND484001AAA,7.0,1.935064935,0.8571428571428571,28.0,3.0,2.234042553,1.0
IND484224AAA,1.0,0.96875,0.0,72.0,3.0,1.404761905,0.6666666666666666
IND484446AAA,3.0,2.025531915,1.0,28.0,5.0,2.025641026,0.8
IND484551AAA,1.0,2.038461538,1.0,3.0,1.0,3.333333333,1.0
IND484661AAE,3.0,2.863636364,1.0,3.0,2.0,1.8240740739999999,1.0
IND485001AAC,20.0,2.1601941745,1.0,399.0,29.0,2.360215054,1.0
IND485771AAA,2.0,3.7095238095000003,1.0,20.5,2.0,2.803030303,1.0
IND486001AAA,2.0,2.664261931,1.0,46.0,3.0,2.133333333,1.0
IND486661AAA,4.0,4.2868217049999995,1.0,678.0,6.0,1.6875,1.0
IND486771AAA,6.0,1.6875,1.0,10.0,8.0,5.3681318685,1.0
IND486886AAA,7.0,2.4,1.0,38.0,7.0,1.62962963,1.0
IND486889AAA,7.0,2.277777778,1.0,39.0,7.0,2.4,1.0
IND487001AAA,4.0,1.376503238,0.75,2.5,2.0,1.974354759,1.0
IND487001AAB,4.0,1.6276595745,1.0,13.5,5.0,1.818181818,1.0
IND487551AAA,7.0,2.428571429,1.0,29.0,8.0,1.4722479185,0.875
IND488001AAA,4.0,2.1686613475,1.0,11.0,3.0,2.070175439,1.0
IND491001AAA,1.0,1.439252336,1.0,19.0,0.0,0.0,0.0
IND492001AAB,8.0,3.0,1.0,225.0,0.0,0.0,0.0
IND493118AAC,11.0,1.632653061,1.0,20.0,0.0,0.0,0.0
IND494334AAB,11.0,1.769230769,1.0,26.0,1.0,1.439252336,1.0
IND495004AAA,1.0,2.292682927,1.0,21.0,0.0,0.0,0.0
IND495334AAB,12.0,1.6043478260000001,1.0,14.5,11.0,1.632653061,1.0
IND495677AAA,7.0,2.18018018,1.0,52.0,0.0,0.0,0.0
IND500008AAC,10.0,2.4524999999999997,1.0,80.0,19.0,1.857142857,1.0
IND500008AAD,6.0,2.909090909,1.0,286.5,0.0,0.0,0.0
IND500008AAF,19.0,3.357142857,1.0,61.0,0.0,0.0,0.0
IND500010AAA,10.0,2.0875160875,1.0,336.5,19.0,2.051282051,1.0
IND500010AAB,39.0,2.533333333,1.0,218.0,31.0,2.162790698,1.0
IND500018AAA,4.0,3.0416666665000003,1.0,49.5,0.0,0.0,0.0
IND500032AAA,4.0,1.9795454544999997,1.0,14.5,0.0,0.0,0.0
IND500035AAA,1.0,2.75,1.0,19.0,2.0,3.2153846155,1.0
IND500039AAB,2.0,2.325,1.0,24.5,0.0,0.0,0.0
IND500039AAC,32.0,2.6329966330000003,1.0,38.0,46.0,2.544117647,1.0
IND500039AAD,8.0,2.717013889,1.0,266.0,6.0,2.727011494,1.0
IND500050AAA,22.0,2.153492647,1.0,156.0,19.0,1.862068966,1.0
IND500055AAA,2.0,2.496078431,1.0,65.5,1.0,1.823529412,1.0
IND500055AAC,17.0,2.5,1.0,31.0,0.0,0.0,0.0
IND500080AAB,20.0,2.503367003,1.0,109.5,28.0,2.0263157895,1.0
IND501101AAB,6.0,1.5,0.8333333333333334,18.0,5.0,1.536585366,1.0
IND501141AAA,5.0,1.536585366,1.0,30.0,8.0,1.6085106385,1.0
IND501301AAC,2.0,3.5314685315,1.0,20.5,2.0,2.325,1.0
IND501359AAE,326.0,1.891121951,0.9969325153374233,169.0,390.0,1.95,0.9974358974358974
IND501359AAG,11.0,2.75,1.0,83.0,0.0,0.0,0.0
IND501401AAC,6.0,2.7939393939999997,1.0,17.0,19.0,2.5,1.0
IND502110AAA,19.0,1.371428571,0.8947368421052632,15.0,19.0,1.552631579,1.0
IND502220AAC,22.0,1.611643145,0.9545454545454546,81.5,22.0,2.0501227495,1.0
IND502286AAB,22.0,2.0501227495,1.0,16.5,22.0,2.392229155,1.0
IND502295AAA,2.0,2.0,1.0,5.5,4.0,1.9795454544999997,1.0
IND502313AAA,6.0,1.6958525345000002,1.0,93.5,19.0,1.371428571,0.8947368421052632
IND503111AAC,34.0,1.9580331974999998,1.0,40.5,10.0,1.672043011,0.9
IND503122AAA,19.0,1.552631579,1.0,11.0,20.0,1.538461538,1.0
IND503185AAA,19.0,1.5,1.0,21.0,20.0,1.8166666665000002,1.0
IND503187AAA,20.0,1.538461538,1.0,19.0,19.0,1.5,1.0
IND504201AAA,6.0,1.245614035,0.5,20.0,5.0,1.413793103,1.0
IND504208AAB,7.0,1.901639344,1.0,73.0,14.0,1.4871794875,0.9285714285714286
IND504215AAA,16.0,2.042372881,1.0,80.0,1.0,3.416666667,1.0
IND504251AAA,5.0,1.295454545,0.6,10.0,2.0,2.003170577,1.0
IND504293AAA,9.0,1.941176471,0.8888888888888888,56.0,4.0,1.6552631580000001,0.5
IND504296AAA,4.0,1.1729508195,0.5,15.5,3.0,1.186046512,0.3333333333333333
IND505001AAA,10.0,1.426470588,1.0,25.0,0.0,0.0,0.0
IND505001AAB,30.0,1.7525476295,0.9333333333333333,55.0,47.0,1.949152542,1.0
IND505122AAA,14.0,2.65,1.0,632.5,15.0,1.733333333,1.0
IND505184AAC,11.0,1.9,0.8181818181818182,53.0,8.0,1.4866666665,0.625
IND505209AAA,8.0,1.626311844,1.0,17.0,9.0,1.813953488,0.7777777777777778
IND505302AAB,10.0,1.162891207,0.4,10.0,13.0,1.470588235,0.9230769230769231
IND505325AAA,6.0,1.4219367589999998,1.0,17.0,5.0,1.129032258,0.2
IND505326AAA,1.0,2.828571429,1.0,5.0,0.0,0.0,0.0
IND505326AAB,3.0,2.043478261,1.0,5.0,5.0,1.277777778,0.6
IND505327AAA,12.0,1.4223057645,0.9166666666666666,18.0,9.0,1.5,1.0
IND505425AAA,2.0,2.636904762,1.0,50.5,14.0,1.5436507935,0.9285714285714286
IND505467AAA,13.0,1.733333333,1.0,24.0,13.0,1.588235294,1.0
IND505503AAA,1.0,2.282051282,1.0,19.0,1.0,2.125,1.0
IND506001AAC,15.0,1.588235294,1.0,17.0,0.0,0.0,0.0
IND506002AAA,39.0,1.621621622,0.6666666666666666,119.0,42.0,2.3166666664999997,1.0
IND506132AAA,19.0,1.823529412,1.0,10.0,20.0,1.1265873014999999,0.35
IND506143AAA,16.0,1.7295321635,1.0,32.5,17.0,2.0,1.0
IND506167AAB,16.0,2.2183133325,1.0,58.0,16.0,1.7295321635,1.0
IND506169AAB,1.0,2.125,1.0,20.0,2.0,1.3475609755,0.5
IND506314AAA,12.0,3.0286956519999997,1.0,618.0,12.0,1.424142032,0.9166666666666666
IND506343AAA,2.0,1.3475609755,0.5,20.0,2.0,1.5896825395,1.0
IND507002AAA,42.0,1.9483660134999998,1.0,59.5,45.0,2.185185185,1.0
IND507111AAA,20.0,1.714717742,1.0,18.5,0.0,0.0,0.0
IND507117AAB,18.0,1.9780855540000002,1.0,19.0,20.0,1.661931818,1.0
IND507123AAA,12.0,1.424142032,0.9166666666666666,11.5,13.0,0.775862069,0.0
IND507159AAA,11.0,1.882352941,0.7272727272727273,389.0,15.0,1.5,0.8666666666666667
IND507303AAA,18.0,2.4685185185,1.0,246.0,19.0,1.923913043,1.0
IND508001AAA,14.0,1.754310345,1.0,91.5,15.0,1.846153846,1.0
IND508116AAA,15.0,1.068181818,0.06666666666666667,9.0,13.0,2.321428571,1.0
IND508206AAA,18.0,1.5694444445,0.8888888888888888,17.0,18.0,1.836021505,0.8333333333333334
IND508207AAB,16.0,2.24122807,1.0,22.5,12.0,1.6598107025,1.0
IND508213AAB,14.0,1.8441295545,1.0,24.0,14.0,1.818181818,1.0
IND508223AAA,14.0,1.7899393,1.0,16.0,12.0,1.403846154,1.0
IND508248AAB,15.0,1.764705882,1.0,10.0,16.0,2.1977687625,1.0
IND508252AAB,6.0,1.363429327,1.0,0.5,7.0,2.043478261,1.0
IND508277AAB,11.0,1.384615385,1.0,7.0,14.0,1.0674242425,0.0
IND508377AAB,12.0,1.8043478259999999,1.0,54.0,15.0,1.764705882,1.0
IND509001AAA,19.0,1.542857143,1.0,28.0,17.0,1.509433962,1.0
IND509103AAB,10.0,2.2068965515,1.0,16.5,11.0,1.848837209,1.0
IND509103AAC,6.0,2.016731856,1.0,25.5,5.0,1.615384615,1.0
IND509124AAA,16.0,1.6751012145,1.0,29.5,17.0,1.454545455,1.0
IND509203AAA,19.0,1.5,1.0,16.0,19.0,1.542857143,1.0
IND509216AAC,12.0,2.0476923075,1.0,53.0,10.0,1.5,0.9
IND509301AAA,19.0,1.836734694,1.0,43.0,19.0,1.5,1.0
IND509324AAA,8.0,2.188655462,1.0,13.0,9.0,1.703703704,1.0
IND509358AAA,17.0,2.118644068,1.0,22.0,17.0,1.5,1.0
IND515004AAA,59.0,1.758196721,0.9830508474576272,95.0,58.0,1.774492988,1.0
IND515134AAA,23.0,1.625,1.0,30.0,32.0,1.6175644029999998,1.0
IND515201AAA,19.0,2.666666667,1.0,21.0,15.0,1.631578947,1.0
IND515301AAA,16.0,1.757352941,1.0,10.0,14.0,2.7456709960000003,1.0
IND515401AAB,18.0,2.434782609,1.0,16.5,17.0,1.714285714,0.9411764705882353
IND515411AAA,2.0,2.0731489745,1.0,8.0,2.0,2.419642857,1.0
IND515591AAA,10.0,1.676923077,1.0,17.0,9.0,1.604166667,1.0
IND515671AAA,14.0,1.5306878309999998,1.0,22.0,13.0,1.875,1.0
IND515761AAA,19.0,1.773584906,1.0,48.0,19.0,1.696969697,1.0
IND515801AAA,19.0,1.568181818,1.0,32.0,20.0,2.434782609,1.0
IND515865AAB,18.0,1.696969697,1.0,10.5,18.0,1.5657001044999999,1.0
IND516001AAA,2.0,1.731961147,1.0,49.5,2.0,1.6129568105,1.0
IND516101AAA,18.0,2.423076923,1.0,18.0,19.0,2.145833333,1.0
IND516115AAA,17.0,2.227272727,1.0,46.0,18.0,2.423076923,1.0
IND516227AAA,2.0,2.159491194,1.0,36.5,2.0,1.731961147,1.0
IND516269AAA,15.0,1.592105263,1.0,13.0,10.0,1.676923077,1.0
IND516360AAB,2.0,1.6129568105,1.0,32.0,2.0,2.0731489745,1.0
IND516390AAA,15.0,1.94047619,1.0,12.0,15.0,1.592105263,1.0
IND517325AAA,1.0,2.15625,1.0,44.0,0.0,0.0,0.0
IND517501AAB,35.0,2.230769231,1.0,23.0,33.0,2.223880597,1.0
IND517583AAA,19.0,2.145833333,1.0,14.0,19.0,2.153846154,1.0
IND517644AAA,15.0,2.114285714,1.0,25.0,16.0,2.447619048,1.0
IND518002AAA,74.0,1.6612903225000002,1.0,111.5,66.0,1.8392588614999998,1.0
IND518102AAA,14.0,1.860073024,1.0,147.5,14.0,2.0455465585,1.0
IND518124AAA,7.0,1.65,1.0,8.0,15.0,2.344827586,1.0
IND518206AAA,5.0,1.266666667,0.8,22.0,7.0,1.65,1.0
IND518222AAA,5.0,1.513513514,1.0,131.0,4.0,1.266666667,0.75
IND518401AAA,12.0,1.9416666665000002,1.0,14.5,13.0,1.75862069,1.0
IND518422AAB,14.0,2.0455465585,1.0,17.0,12.0,1.9416666665000002,1.0
IND518501AAA,15.0,2.344827586,1.0,26.0,18.0,1.525921659,1.0
IND520011AAA,8.0,1.8708333335,1.0,75.0,1.0,1.724137931,1.0
IND521001AAA,8.0,2.1259740259999997,1.0,34.5,20.0,1.8578595315,1.0
IND521105AAA,8.0,2.143048128,1.0,22.5,3.0,1.736842105,1.0
IND521165AAA,1.0,2.52,1.0,243.0,4.0,1.810096154,1.0
IND521185AAA,8.0,2.0227272725,1.0,41.0,9.0,1.875,1.0
IND521201AAA,3.0,1.736842105,1.0,12.0,21.0,1.566037736,1.0
IND521225AAB,71.0,1.71372549,1.0,152.0,59.0,2.109090909,1.0
IND521301AAA,19.0,1.846153846,1.0,19.0,19.0,1.733333333,1.0
IND521333AAA,14.0,2.4741000875,1.0,267.0,18.0,1.807692308,1.0
IND522647AAA,19.0,1.56,1.0,36.0,14.0,1.6513468015,1.0
IND523002AAA,39.0,1.645669291,1.0,165.0,34.0,1.616788321,0.6470588235294118
IND523105AAA,19.0,1.307692308,0.7894736842105263,13.0,20.0,1.38916378,1.0
IND523201AAA,1.0,5.172413793,1.0,83.0,19.0,1.56,1.0
IND523226AAA,13.0,1.881355932,1.0,17.0,5.0,1.684210526,1.0
IND523230AAA,19.0,1.382978723,1.0,5.0,21.0,1.608695652,1.0
IND523316AAB,14.0,1.6513468015,1.0,17.5,14.0,1.8983050845,1.0
IND524003AAA,14.0,1.6933701655,1.0,49.5,14.0,1.6099999999999999,1.0
IND524101AAB,16.0,2.1266002845000003,1.0,32.0,14.0,1.6714285715,1.0
IND524132AAA,14.0,1.6714285715,1.0,21.5,15.0,2.114285714,1.0
IND524201AAA,18.0,1.170289855,0.3333333333333333,312.5,19.0,1.307692308,0.7894736842105263
IND530012AAA,71.0,2.0,1.0,53.0,65.0,2.05952381,1.0
IND530012AAC,5.0,1.84962406,1.0,22.0,0.0,0.0,0.0
IND530018AAA,1.0,4.375,1.0,196.0,0.0,0.0,0.0
IND530026AAA,4.0,2.8699596775,1.0,19.0,0.0,0.0,0.0
IND530043AAA,13.0,1.681818182,1.0,21.0,13.0,2.888888889,1.0
IND531001AAA,5.0,1.972222222,1.0,34.0,6.0,1.9285714285,1.0
IND531036AAA,4.0,2.3605974395000002,1.0,27.5,5.0,2.972222222,1.0
IND531116AAA,5.0,2.338983051,1.0,34.0,5.0,1.972222222,1.0
IND531163AAA,13.0,2.181818182,1.0,12.0,12.0,1.6590909090000001,1.0
IND532001AAB,64.0,2.012195122,1.0,40.0,55.0,1.765432099,1.0
IND532127AAA,21.0,1.642857143,1.0,14.0,21.0,1.9,1.0
IND532201AAA,21.0,1.708333333,0.9523809523809523,29.0,20.0,1.8484848485,1.0
IND532222AAA,12.0,2.039925965,1.0,26.5,20.0,1.7113095235,1.0
IND532421AAA,19.0,1.833333333,1.0,21.0,20.0,1.7836257309999999,1.0
IND532440AAA,17.0,1.527777778,1.0,13.0,17.0,1.5,1.0
IND533003AAA,21.0,1.857142857,1.0,56.0,17.0,1.7,1.0
IND533106AAA,51.0,2.612903226,1.0,73.0,50.0,2.1675102695,1.0
IND533201AAA,11.0,1.973684211,1.0,38.0,8.0,2.059649123,1.0
IND533242AAA,2.0,2.247619048,1.0,19.5,6.0,2.725393028,1.0
IND533262AAA,12.0,1.829787234,1.0,41.0,15.0,1.973684211,1.0
IND533308AAB,16.0,1.6548780490000001,1.0,33.0,15.0,3.607142857,1.0
IND533401AAA,18.0,2.2964065915,1.0,40.0,18.0,1.9392097265,1.0
IND534001AAA,15.0,1.8,1.0,21.0,4.0,1.9411764705,1.0
IND534260AAC,4.0,2.581531268,1.0,37.5,5.0,3.433333333,1.0
IND535001AAA,10.0,3.460606061,1.0,62.0,15.0,2.3,1.0
IND535501AAB,18.0,1.5182926829999999,1.0,28.0,20.0,1.565217391,1.0
IND535558AAA,20.0,1.565217391,1.0,22.5,3.0,2.133333333,1.0
IND535591AAA,3.0,2.133333333,1.0,14.0,21.0,1.642857143,1.0
IND560002AAA,40.0,2.3475,0.95,46.5,70.0,2.086080586,0.7142857142857143
IND560027AAA,4.0,2.2055555555,0.75,99.5,0.0,0.0,0.0
IND560043AAC,79.0,1.714285714,0.9620253164556962,29.0,133.0,1.88,0.8345864661654135
IND560048AAB,43.0,1.8,0.7441860465116279,34.0,64.0,1.6364097365,0.78125
IND560058AAB,80.0,1.440972222,0.7375,23.0,95.0,1.642857143,0.7157894736842105
IND560058AAD,34.0,1.5445134575,0.8235294117647058,173.0,58.0,1.6150793650000002,0.8448275862068966
IND560060AAB,34.0,1.5500556175,0.8823529411764706,27.0,99.0,1.407407407,0.7676767676767676
IND560064AAD,41.0,2.466666667,1.0,48.0,0.0,0.0,0.0
IND560067AAC,20.0,2.6333333335,1.0,27.5,7.0,3.444444444,1.0
IND560077AAA,1.0,3.454545455,1.0,114.0,1.0,4.65,1.0
IND560078AAC,36.0,1.75,0.9166666666666666,53.0,69.0,2.096774194,0.9420289855072463
IND560083AAB,32.0,1.619868035,0.9375,95.5,51.0,1.457142857,0.9607843137254902
IND560085AAA,7.0,1.842105263,1.0,92.0,53.0,1.763157895,1.0
IND560099AAB,466.0,1.6339712915,0.869098712446352,85.0,354.0,1.810505319,0.9096045197740112
IND560099AAG,2.0,1.8035714285,1.0,240.0,0.0,0.0,0.0
IND560099AAH,1.0,1.764705882,1.0,1.0,0.0,0.0,0.0
IND560300AAA,331.0,1.75,0.8277945619335347,59.0,278.0,1.7613571019999998,0.9532374100719424
IND560300AAB,24.0,1.8681727905,1.0,68.5,16.0,2.1458333334999997,1.0
IND561202AAB,14.0,1.803199405,1.0,8.0,16.0,1.757352941,1.0
IND561203AAB,12.0,1.52,1.0,20.5,12.0,1.951219512,1.0
IND561207AAB,13.0,1.340425532,0.8461538461538461,17.0,13.0,1.135135135,0.23076923076923078
IND562101AAA,13.0,1.135135135,0.23076923076923078,24.0,13.0,1.52,1.0
IND562108AAA,2.0,2.374216792,1.0,597.5,12.0,1.3332562445,0.8333333333333334
IND562114AAA,15.0,3.357142857,1.0,31.0,20.0,2.6333333335,1.0
IND562117AAA,10.0,1.156281219,0.4,28.5,11.0,1.925925926,1.0
IND562132AAA,766.0,1.7423682655000001,0.9634464751958225,145.5,663.0,1.8,0.9457013574660633
IND562132AAC,1.0,1.74918354,1.0,462.0,0.0,0.0,0.0
IND562159AAA,11.0,1.925925926,1.0,29.0,0.0,0.0,0.0
IND563101AAB,16.0,1.565217391,1.0,42.0,19.0,1.785714286,1.0
IND563116AAA,14.0,1.7528409090000001,1.0,63.0,17.0,1.944444444,1.0
IND563125AAB,13.0,3.849056604,1.0,376.0,16.0,1.7930761094999998,1.0
IND563130AAA,10.0,1.4090909090000001,0.8,41.5,10.0,1.938644689,1.0
IND563131AAA,14.0,1.8163319235,1.0,14.5,14.0,1.565217391,1.0
IND563131AAB,24.0,1.8888888885,1.0,31.5,25.0,1.611111111,0.92
IND570020AAA,24.0,2.4605882355,1.0,52.5,26.0,2.612962963,1.0
IND571104AAA,17.0,1.842105263,1.0,18.0,15.0,1.897435897,1.0
IND571105AAA,13.0,1.692307692,1.0,13.0,0.0,0.0,0.0
IND571111AAB,10.0,1.7169076749999999,1.0,11.0,8.0,1.913043478,1.0
IND571114AAA,8.0,4.1349924585,1.0,224.0,9.0,1.582089552,1.0
IND571124AAA,9.0,3.483870968,1.0,234.0,10.0,1.621505376,1.0
IND571213AAA,8.0,1.5895522385,1.0,27.5,12.0,1.696153846,1.0
IND571301AAA,8.0,1.913043478,1.0,18.0,9.0,2.48,1.0
IND571313AAB,10.0,1.3808510639999998,0.9,10.5,10.0,1.7169076749999999,1.0
IND571401AAA,10.0,0.989130435,0.0,24.0,9.0,1.25,0.5555555555555556
IND571426AAA,15.0,1.897435897,1.0,17.0,18.0,1.4034749035,0.8333333333333334
IND571430AAA,10.0,1.621505376,1.0,15.0,11.0,1.04,0.18181818181818182
IND571432AAB,17.0,1.378378378,0.8235294117647058,7.0,12.0,1.6704545455000002,1.0
IND571438AAB,9.0,1.25,0.5555555555555556,14.0,0.0,0.0,0.0
IND571440AAA,10.0,1.0298039215,0.1,16.0,10.0,1.3808510639999998,0.9
IND572101AAA,13.0,2.0,1.0,39.0,6.0,1.47070802,0.6666666666666666
IND572201AAB,7.0,1.88,1.0,28.0,13.0,1.591836735,1.0
IND573103AAA,7.0,1.44,1.0,5.0,6.0,2.796794872,1.0
IND573116AAA,14.0,1.7332251085000001,1.0,25.5,14.0,2.083916084,1.0
IND573134AAB,15.0,2.212121212,1.0,22.0,14.0,1.829090909,0.9285714285714286
IND573142AAA,17.0,1.815789474,1.0,12.0,19.0,1.896551724,1.0
IND573201AAB,45.0,2.4375,1.0,50.0,49.0,1.815789474,1.0
IND574104AAA,11.0,1.956521739,1.0,19.0,9.0,1.785714286,1.0
IND574117AAA,3.0,1.714285714,1.0,1.0,5.0,2.344827586,1.0
IND574202AAA,6.0,1.5620723365,1.0,17.5,5.0,2.473684211,1.0
IND574211AAA,6.0,2.5979532165,1.0,5.0,7.0,2.055555556,1.0
IND574216AAA,6.0,2.359574468,1.0,15.5,12.0,1.9673913045,1.0
IND574221AAA,6.0,2.0399061035,1.0,143.0,7.0,1.512820513,1.0
IND574227AAA,9.0,1.785714286,1.0,7.0,2.0,2.130787037,1.0
IND574239AAA,7.0,1.512820513,1.0,2.0,6.0,1.5620723365,1.0
IND575004AAB,24.0,2.181985294,1.0,83.5,30.0,2.5458768870000004,1.0
IND575014AAA,1.0,1.750853242,1.0,5.0,2.0,2.51754386,1.0
IND576101AAA,3.0,1.566666667,1.0,25.0,3.0,1.714285714,1.0
IND576201AAA,4.0,2.0412912915,1.0,20.0,4.0,1.6833333335,1.0
IND577002AAA,31.0,1.909090909,1.0,60.0,29.0,1.777777778,1.0
IND577101AAA,9.0,2.142857143,0.8888888888888888,7.0,10.0,1.3636363635,0.6
IND577116AAA,8.0,1.2215909090000001,0.5,11.5,8.0,1.4123076925,0.875
IND577126AAA,1.0,2.707692308,1.0,338.0,1.0,2.1,1.0
IND577132AAD,11.0,1.84,0.9090909090909091,10.0,7.0,2.142857143,1.0
IND577201AAA,11.0,1.822429907,1.0,84.0,9.0,1.172413793,0.3333333333333333
IND577401AAA,8.0,1.1487068965,0.25,13.0,9.0,1.625,1.0
IND577432AAA,1.0,2.1,1.0,12.0,1.0,2.355555556,1.0
IND577501AAA,10.0,1.6927648579999999,1.0,34.0,12.0,1.8132942325,1.0
IND577522AAA,10.0,1.4285714285,1.0,22.5,10.0,1.582371795,1.0
IND577535AAC,10.0,1.582371795,1.0,15.0,10.0,1.771841609,1.0
IND577598AAB,17.0,1.896551724,1.0,19.0,16.0,1.8460526315,1.0
IND577598AAC,11.0,1.838709677,1.0,23.0,10.0,1.6425467189999998,1.0
IND580002AAA,1.0,2.0,1.0,69.0,11.0,3.285714286,1.0
IND580028AAA,78.0,1.965517241,1.0,514.5,66.0,2.025645624,1.0
IND581110AAE,20.0,1.885306554,1.0,35.5,21.0,1.730769231,1.0
IND581115AAC,20.0,1.730769231,1.0,30.0,19.0,2.357142857,1.0
IND581119AAB,14.0,1.818087855,1.0,19.5,16.0,1.863636364,1.0
IND581303AAA,14.0,1.421875,0.7857142857142857,15.5,13.0,1.658536585,1.0
IND581314AAA,10.0,1.7947062105,1.0,5.5,10.0,1.728830645,0.9
IND581320AAA,5.0,1.722222222,1.0,18.0,5.0,2.027027027,1.0
IND581325AAA,14.0,1.919650469,1.0,48.5,14.0,1.5968926555,1.0
IND581334AAA,6.0,1.911923077,1.0,10.0,5.0,1.517857143,1.0
IND581343AAC,6.0,1.728830645,0.8333333333333334,9.0,2.0,2.26566416,1.0
IND581400AAB,12.0,1.662765671,1.0,25.0,13.0,1.40625,0.7692307692307693
IND581402AAA,10.0,1.6267857145,1.0,27.0,15.0,1.421686747,1.0
IND582101AAB,18.0,2.9035615175,1.0,133.5,18.0,2.0,1.0
IND582209AAA,16.0,1.840682788,1.0,15.5,17.0,1.901639344,1.0
IND583101AAA,28.0,2.4727053139999997,1.0,36.5,21.0,2.218604651,1.0
IND583119AAA,9.0,4.23255814,1.0,54.0,9.0,2.333333333,1.0
IND583201AAA,27.0,2.111111111,1.0,20.0,34.0,2.52173913,1.0
IND583227AAA,16.0,1.6958333335,1.0,15.0,16.0,2.0,1.0
IND583231AAA,15.0,2.409090909,1.0,28.0,15.0,1.666666667,1.0
IND584101AAA,17.0,1.454545455,1.0,51.0,16.0,1.7318909875,1.0
IND584123AAA,1.0,1.444444444,1.0,12.0,2.0,1.546511628,1.0
IND584128AAA,2.0,2.2243083004999997,1.0,20.5,1.0,1.444444444,1.0
IND585104AAA,60.0,1.8642506145,1.0,52.0,60.0,2.2755183414999998,0.9833333333333333
IND585211AAA,20.0,1.5,0.95,25.5,21.0,1.921052632,0.9523809523809523
IND585222AAA,22.0,1.513513514,0.9545454545454546,29.5,21.0,1.458333333,0.9523809523809523
IND585307AAB,20.0,4.2003950835,1.0,188.0,22.0,1.5219082720000001,1.0
IND585314AAA,19.0,2.263157895,1.0,268.0,20.0,1.8083118555,1.0
IND585330AAE,21.0,1.794117647,1.0,41.0,20.0,1.837209302,1.0
IND585401AAA,22.0,2.392229155,1.0,13.0,21.0,1.794117647,1.0
IND586101AAA,4.0,2.078787879,1.0,46.5,8.0,1.501033295,1.0
IND586101AAB,5.0,2.069767442,1.0,30.0,5.0,1.454545455,1.0
IND586128AAA,19.0,1.6875,1.0,14.0,18.0,1.911606812,1.0
IND586211AAA,19.0,1.804123711,1.0,17.0,18.0,1.6735372339999999,1.0
IND587103AAB,19.0,1.901639344,1.0,49.0,19.0,1.705882353,1.0
IND590016AAA,5.0,1.451612903,1.0,52.0,17.0,2.135135135,1.0
IND591102AAA,18.0,1.9764673309999998,1.0,12.0,2.0,1.5225490195,1.0
IND591115AAB,6.0,1.8333333335000002,1.0,49.5,6.0,1.790697674,1.0
IND591123AAC,19.0,1.705882353,1.0,31.0,18.0,1.9058302175000001,1.0
IND591126AAA,2.0,1.5225490195,1.0,5.0,0.0,0.0,0.0
IND591201AAA,11.0,1.442622951,1.0,19.0,4.0,1.568181818,0.75
IND591237AAB,4.0,1.568181818,0.75,12.0,10.0,2.301470588,1.0
IND591302AAB,10.0,1.833820663,1.0,100.0,5.0,1.451612903,1.0
IND591304AAA,12.0,1.446969697,1.0,19.0,10.0,1.4344262295,1.0
IND591307AAC,7.0,2.467889908,1.0,18.0,18.0,1.9764673309999998,1.0
IND600004AAA,3.0,5.5,1.0,144.0,1.0,2.357142857,1.0
IND600008AAA,14.0,2.039473684,1.0,51.5,0.0,0.0,0.0
IND600008AAC,18.0,2.3759398495,1.0,25.5,36.0,2.6517137095,1.0
IND600016AAA,8.0,2.3636363635000004,1.0,22.5,0.0,0.0,0.0
IND600016AAB,22.0,2.0147058825,1.0,42.5,0.0,0.0,0.0
IND600016AAC,12.0,2.015550239,0.8333333333333334,106.5,22.0,2.5459433039999997,1.0
IND600032AAB,123.0,2.0625,0.975609756097561,38.0,75.0,2.333333333,1.0
IND600044AAD,52.0,2.292857143,0.9807692307692307,47.0,51.0,2.315789474,0.9607843137254902
IND600044AAE,29.0,2.028571429,1.0,98.0,34.0,1.873015873,1.0
IND600048AAA,1.0,1.818181818,1.0,8.0,15.0,4.083333333,0.9333333333333333
IND600056AAA,7.0,3.0,1.0,20.0,3.0,1.75,1.0
IND600056AAB,300.0,1.888888889,1.0,130.5,241.0,1.913043478,1.0
IND600073AAA,1.0,1.916666667,1.0,18.0,0.0,0.0,0.0
IND600076AAB,18.0,2.457602339,1.0,15.5,58.0,2.083881579,0.9827586206896551
IND600083AAA,2.0,2.0357142855,1.0,446.5,0.0,0.0,0.0
IND600110AAA,11.0,2.324324324,1.0,43.0,28.0,2.594594595,1.0
IND600116AAB,16.0,2.021072797,1.0,62.5,31.0,2.076923077,1.0
IND600119AAA,9.0,2.736842105,1.0,43.0,19.0,2.045454545,0.8947368421052632
IND602001AAA,3.0,2.214285714,1.0,436.0,9.0,2.5,1.0
IND602001AAB,11.0,2.296296296,1.0,12.0,0.0,0.0,0.0
IND602024AAA,13.0,2.5,1.0,28.0,10.0,2.6315789475,1.0
IND603001AAA,13.0,1.428571429,0.5384615384615384,14.0,12.0,2.664408867,1.0
IND603102AAA,12.0,1.8582089549999998,1.0,30.5,4.0,1.948380567,1.0
IND603203AAA,14.0,3.3348214284999997,1.0,20.5,3.0,3.529411765,1.0
IND603301AAA,14.0,2.356170599,1.0,40.5,13.0,1.428571429,0.5384615384615384
IND604303AAA,4.0,1.948380567,1.0,0.5,4.0,1.400462963,0.5
IND605010AAB,19.0,1.692307692,0.8947368421052632,57.0,23.0,1.572463768,1.0
IND605601AAA,26.0,1.966292135,1.0,33.0,26.0,2.0616438355,1.0
IND606003AAA,14.0,1.6,1.0,15.5,15.0,2.130434783,0.9333333333333333
IND606105AAA,14.0,1.679131054,1.0,11.0,14.0,1.6,1.0
IND606201AAC,15.0,2.256756757,1.0,8.0,14.0,1.679131054,1.0
IND606801AAB,13.0,2.314814815,1.0,18.0,13.0,1.347826087,0.9230769230769231
IND606803AAA,13.0,1.347826087,0.9230769230769231,15.0,11.0,2.157894737,1.0
IND607001AAA,11.0,1.857142857,1.0,15.0,12.0,1.7413793100000001,1.0
IND607106AAA,14.0,2.1602564104999997,1.0,15.5,14.0,2.1363636365,1.0
IND607801AAA,15.0,2.130434783,0.9333333333333333,17.0,14.0,2.1602564104999997,1.0
IND608001AAA,7.0,2.733333333,1.0,4.0,11.0,1.857142857,1.0
IND608301AAA,16.0,1.7490196075,1.0,17.5,10.0,2.555555556,1.0
IND609001AAA,12.0,2.1880479250000002,1.0,30.0,11.0,2.296296296,1.0
IND609110AAA,8.0,1.929187192,1.0,11.0,7.0,2.733333333,1.0
IND609602AAA,11.0,3.111111111,1.0,11.0,8.0,1.929187192,1.0
IND610001AAA,27.0,1.76,1.0,20.0,27.0,2.1875,1.0
IND611001AAA,10.0,2.34375,1.0,20.5,11.0,3.111111111,1.0
IND614018AAA,10.0,1.9333333335,1.0,11.5,12.0,2.1880479250000002,1.0
IND614602AAA,16.0,1.5,1.0,22.0,0.0,0.0,0.0
IND614616AAA,16.0,1.6875,1.0,30.0,16.0,1.2724867725,0.5625
IND614620AAA,16.0,1.8571825249999998,1.0,35.0,15.0,1.517241379,1.0
IND614715AAA,17.0,1.473684211,0.8823529411764706,10.0,17.0,1.692307692,1.0
IND614804AAA,16.0,1.2724867725,0.5625,19.0,16.0,1.5,1.0
IND614809AAA,17.0,2.155555556,1.0,18.0,17.0,1.473684211,0.8823529411764706
IND620020AAA,25.0,1.769230769,1.0,24.0,0.0,0.0,0.0
IND621010AAA,16.0,1.4642857145,1.0,15.0,15.0,1.5,1.0
IND621112AAA,1.0,6.458333333,1.0,12.0,25.0,1.769230769,1.0
IND621211AAA,15.0,1.5,1.0,6.0,0.0,0.0,0.0
IND621212AAA,16.0,1.555335968,1.0,7.0,18.0,1.5147058825,1.0
IND621306AAA,12.0,1.337353801,0.75,23.5,0.0,0.0,0.0
IND621704AAA,17.0,2.033333333,1.0,23.0,16.0,1.555335968,1.0
IND621802AAA,12.0,2.454248366,1.0,14.0,17.0,2.033333333,1.0
IND622407AAA,14.0,1.47771836,1.0,10.5,14.0,1.425531915,1.0
IND623315AAB,15.0,1.517241379,1.0,14.0,15.0,1.041666667,0.06666666666666667
IND623407AAA,15.0,1.041666667,0.06666666666666667,22.0,15.0,1.78125,1.0
IND623503AAA,7.0,0.901408451,0.0,22.0,7.0,1.177777778,0.42857142857142855
IND623526AAA,8.0,1.0607789145,0.0,17.0,7.0,0.901408451,0.0
IND623701AAA,7.0,1.177777778,0.42857142857142855,16.0,5.0,1.411764706,1.0
IND623704AAA,7.0,1.270833333,0.7142857142857143,8.0,8.0,1.0607789145,0.0
IND624001AAA,22.0,1.422619048,0.8636363636363636,27.5,11.0,1.745454545,1.0
IND624101AAA,10.0,0.7119918700000001,0.0,24.5,15.0,0.78358209,0.0
IND624202AAA,11.0,1.5,1.0,10.0,10.0,0.7119918700000001,0.0
IND624601AAA,17.0,0.785185185,0.11764705882352941,24.0,10.0,1.2705570295,0.7
IND624619AAA,10.0,1.2705570295,0.7,5.5,12.0,1.491452991,0.8333333333333334
IND624703AAA,1.0,1.3125,1.0,10.0,3.0,1.333333333,0.6666666666666666
IND625008AAA,19.0,1.8125,1.0,133.0,54.0,1.52,0.9814814814814815
IND625106AAA,13.0,1.717391304,1.0,18.0,12.0,1.337353801,0.75
IND625218AAA,1.0,3.433333333,1.0,22.0,11.0,1.5,1.0
IND625516AAA,7.0,1.934782609,1.0,23.0,8.0,1.2776679845,1.0
IND625531AAA,7.0,1.282608696,1.0,38.0,6.0,1.501893939,1.0
IND625532AAA,7.0,1.545454545,1.0,12.0,0.0,0.0,0.0
IND626117AAA,9.0,1.24,0.6666666666666666,23.0,17.0,1.655172414,1.0
IND626123AAA,17.0,1.86,1.0,21.0,17.0,1.8125,1.0
IND626138AAA,16.0,1.4800437395000001,0.9375,14.0,9.0,1.24,0.6666666666666666
IND626607AAB,7.0,1.52,1.0,9.0,7.0,1.270833333,0.7142857142857143
IND627005AAA,39.0,1.581395349,0.9743589743589743,35.0,38.0,2.046875,1.0
IND627117AAA,11.0,1.9375,1.0,31.0,11.0,1.634146341,1.0
IND627401AAA,13.0,2.222222222,1.0,17.0,10.0,1.5231854839999999,0.9
IND627657AAA,16.0,1.028571429,0.0,21.0,17.0,1.243902439,0.8235294117647058
IND627756AAA,17.0,1.655172414,1.0,32.0,17.0,1.86,1.0
IND627811AAA,10.0,1.5231854839999999,0.9,26.5,10.0,1.3936294565,0.9
IND628204AAA,17.0,1.243902439,0.8235294117647058,13.0,17.0,1.4375,1.0
IND628613AAA,14.0,1.744680851,1.0,11.0,16.0,1.028571429,0.0
IND628801AAA,17.0,1.4375,1.0,14.0,17.0,1.613636364,1.0
IND629179AAA,11.0,2.041666667,1.0,32.0,0.0,0.0,0.0
IND630002AAA,14.0,1.425531915,1.0,24.0,16.0,1.6875,1.0
IND630561AAA,20.0,1.7537878789999999,1.0,50.0,16.0,1.8571825249999998,1.0
IND631003AAA,10.0,2.230769231,1.0,125.0,10.0,2.7115384615,1.0
IND631102AAA,12.0,2.0707196029999997,1.0,23.0,11.0,1.52173913,1.0
IND631501AAA,11.0,2.653846154,1.0,43.0,9.0,2.363636364,1.0
IND632006AAA,43.0,1.915662651,0.9767441860465116,207.0,35.0,1.821428571,1.0
IND632301AAA,12.0,2.2289473685,1.0,20.5,14.0,1.935483871,1.0
IND632402AAA,11.0,1.52173913,1.0,28.0,7.0,2.761904762,1.0
IND635001AAA,8.0,1.5669590645,1.0,20.5,8.0,1.65125,0.875
IND635207AAA,1.0,3.803921569,1.0,16.0,1.0,3.125,1.0
IND635601AAB,11.0,4.181818182,1.0,22.0,10.0,2.015625,1.0
IND635802AAB,16.0,1.8571428575,1.0,48.0,17.0,2.514285714,0.9411764705882353
IND636005AAA,5.0,2.0,0.8,61.0,0.0,0.0,0.0
IND636016AAA,16.0,1.4835748794999999,1.0,25.5,4.0,1.85,0.75
IND636102AAA,5.0,1.352380952,1.0,6.0,6.0,1.6653558055,1.0
IND636352AAA,5.0,1.6,1.0,15.0,0.0,0.0,0.0
IND636705AAB,9.0,1.735483871,0.8888888888888888,28.0,9.0,1.442307692,1.0
IND637211AAA,16.0,1.450819672,1.0,16.0,15.0,1.488888889,1.0
IND637301AAA,10.0,1.8529411765,1.0,5.5,0.0,0.0,0.0
IND637408AAA,10.0,1.7586206894999998,1.0,9.0,0.0,0.0,0.0
IND638001AAA,3.0,2.166666667,1.0,28.0,10.0,1.8529411765,1.0
IND638401AAA,12.0,0.960769231,0.16666666666666666,7.5,12.0,1.787976249,1.0
IND638452AAA,3.0,1.166666667,0.3333333333333333,20.0,12.0,0.960769231,0.16666666666666666
IND638501AAB,14.0,1.4258447484999999,0.7857142857142857,52.0,3.0,1.166666667,0.3333333333333333
IND638657AAA,16.0,1.448275862,1.0,19.0,15.0,1.5,1.0
IND638701AAA,17.0,1.956521739,1.0,353.0,16.0,1.448275862,1.0
IND639001AAA,9.0,1.709090909,1.0,18.0,0.0,0.0,0.0
IND639104AAB,1.0,1.5,1.0,18.0,16.0,1.7490196075,1.0
IND641001AAA,3.0,3.657142857,1.0,26.0,6.0,2.7715053760000004,1.0
IND641006AAD,5.0,1.44,1.0,81.0,0.0,0.0,0.0
IND641008AAA,4.0,2.196078431,1.0,5.5,2.0,2.5857142855,1.0
IND641011AAA,9.0,3.555555556,1.0,49.0,1.0,2.333333333,1.0
IND641062AAD,64.0,1.8453329085,0.96875,179.0,71.0,1.827586207,0.9577464788732394
IND641607AAA,35.0,2.035714286,1.0,59.0,29.0,1.789473684,1.0
IND641654AAA,11.0,1.44,0.9090909090909091,9.0,11.0,2.0,1.0
IND641664AAA,15.0,1.5,1.0,21.0,15.0,1.6,0.9333333333333333
IND642001AAA,18.0,1.5526315785,1.0,45.0,18.0,1.3896551725,0.8888888888888888
IND642126AAA,17.0,1.379310345,0.8823529411764706,16.0,18.0,1.407153729,0.8888888888888888
IND643001AAA,6.0,2.5,1.0,28.0,10.0,2.1666666665000003,1.0
IND643212AAA,3.0,3.288288288,1.0,12.0,6.0,2.5,1.0
IND643217AAA,10.0,2.1666666665000003,1.0,21.0,13.0,1.107142857,0.46153846153846156
IND643231AAA,11.0,1.107142857,0.36363636363636365,14.0,15.0,2.459016393,1.0
IND670643AAA,5.0,1.879120879,1.0,47.0,17.0,1.458333333,1.0
IND670645AAB,6.0,2.5987525985,1.0,1084.0,9.0,2.258064516,1.0
IND671323AAD,1.0,1.5625,1.0,6.0,3.0,1.740740741,1.0
IND673027AAB,3.0,1.09375,0.0,294.0,1.0,1.826086957,1.0
IND673104AAA,17.0,1.714285714,0.9411764705882353,18.0,16.0,1.2326839825,0.6875
IND673121AAA,8.0,2.207157258,1.0,15.5,11.0,2.0,1.0
IND673305AAA,14.0,1.244071146,0.7142857142857143,12.5,6.0,1.0340544870000001,0.0
IND673506AAA,17.0,1.458333333,1.0,16.0,17.0,1.714285714,0.9411764705882353
IND673573AAA,12.0,1.6019301955,1.0,20.0,0.0,0.0,0.0
IND673592AAA,24.0,2.0294117645,1.0,45.0,18.0,1.6988095235,1.0
IND673632AAA,15.0,1.210526316,0.5333333333333333,154.0,8.0,1.8956043955,1.0
IND676306AAA,7.0,1.625,0.8571428571428571,6.0,4.0,1.1002506265,0.25
IND676509AAA,4.0,1.7976190475,0.75,13.0,7.0,1.625,0.8571428571428571
IND678683AAA,13.0,1.212121212,0.5384615384615384,35.0,14.0,2.4195906430000003,1.0
IND679303AAA,14.0,2.5647058825,1.0,13.0,11.0,1.418604651,1.0
IND679322AAA,1.0,2.230769231,1.0,2.0,3.0,2.095238095,1.0
IND679329AAA,3.0,1.619047619,1.0,4.0,0.0,0.0,0.0
IND679531AAA,15.0,1.36,0.9333333333333333,18.0,14.0,2.5647058825,1.0
IND680012AAA,11.0,1.418604651,1.0,34.0,11.0,1.473684211,1.0
IND68004AAA,24.0,2.4057017545,1.0,31.0,23.0,1.479166667,0.9565217391304348
IND680104AAA,17.0,1.451612903,0.8235294117647058,31.0,16.0,1.49691358,0.9375
IND680307AAA,12.0,1.6220238095,1.0,26.5,13.0,1.363636364,0.6923076923076923
IND680587AAA,14.0,2.046511628,1.0,29.5,15.0,1.36,0.9333333333333333
IND680712AAA,9.0,1.657894737,1.0,24.0,7.0,1.619047619,1.0
IND683511AAA,86.0,1.473205742,0.872093023255814,354.5,89.0,1.79245283,0.9887640449438202
IND683565AAA,13.0,1.894736842,1.0,26.0,7.0,1.095238095,0.42857142857142855
IND683572AAA,13.0,1.363636364,0.6923076923076923,21.0,0.0,0.0,0.0
IND685514AAA,9.0,1.529411765,1.0,60.0,9.0,1.8125,1.0
IND686028AAB,17.0,1.375,0.8823529411764706,92.0,23.0,2.088607595,1.0
IND686507AAA,16.0,2.333333333,1.0,23.5,1.0,2.8,1.0
IND686513AAA,9.0,2.314285714,1.0,15.0,15.0,2.333333333,1.0
IND686540AAA,2.0,1.9459064325,1.0,596.0,9.0,2.142857143,1.0
IND686632AAA,1.0,2.5,1.0,7.0,1.0,6.095238095,1.0
IND688009AAA,14.0,3.1,1.0,654.5,15.0,1.21875,0.5333333333333333
IND688524AAA,7.0,2.269230769,1.0,40.0,0.0,0.0,0.0
IND689101AAA,10.0,1.4,0.8,39.5,16.0,1.3675000000000002,0.875
IND689503AAB,1.0,2.25,1.0,82.0,1.0,2.071428571,1.0
IND689645AAA,15.0,1.75,1.0,22.0,15.0,2.269230769,1.0
IND689650AAA,3.0,1.604651163,1.0,6.0,6.0,1.3666666665,0.6666666666666666
IND690537AAA,1.0,2.071428571,1.0,33.0,0.0,0.0,0.0
IND690548AAA,15.0,1.21875,0.5333333333333333,25.0,7.0,1.5,1.0
IND691001AAB,32.0,1.3444940475,0.875,141.5,30.0,2.0253530165,1.0
IND691305AAA,16.0,2.2774725275,1.0,17.0,20.0,1.527863777,1.0
IND691506AAA,20.0,1.527863777,1.0,14.5,21.0,1.36,0.9047619047619048
IND691551AAA,18.0,2.263157895,1.0,647.0,16.0,1.75,1.0
IND691574AAA,21.0,1.55,1.0,17.0,21.0,1.266666667,0.6190476190476191
IND695012AAA,14.0,1.566840278,1.0,71.5,9.0,2.19047619,1.0
IND695012AAB,3.0,3.3,1.0,271.0,0.0,0.0,0.0
IND695101AAB,21.0,1.266666667,0.6190476190476191,27.0,21.0,1.173913043,0.38095238095238093
IND695121AAA,18.0,1.733333333,1.0,31.0,20.0,1.08,0.15
IND695541AAA,2.0,2.2257575755,1.0,41.5,14.0,1.5,0.8571428571428571
IND695572AAB,14.0,1.5,0.8571428571428571,19.5,19.0,1.733333333,1.0
IND695582AAA,20.0,1.1583850930000001,0.35,26.0,0.0,0.0,0.0
IND695609AAA,3.0,2.076923077,1.0,16.0,3.0,1.263157895,1.0
IND695614AAA,3.0,1.263157895,1.0,24.0,21.0,1.55,1.0
IND700026AAC,5.0,3.25,0.8,60.0,30.0,2.4027777775,1.0
IND700028AAB,8.0,2.8529411765,1.0,67.5,24.0,3.114661654,1.0
IND700053AAA,16.0,2.5941286115,1.0,126.0,25.0,3.338709677,1.0
IND700065AAA,23.0,3.0,1.0,155.0,31.0,3.272727273,0.967741935483871
IND700065AAB,14.0,5.208333333500001,1.0,63.0,0.0,0.0,0.0
IND700088AAA,9.0,3.428571429,1.0,253.0,28.0,3.379310345,1.0
IND700136AAB,1.0,5.535714286,1.0,187.0,1.0,2.551724138,1.0
IND700136AAG,22.0,4.1202380949999995,1.0,68.5,0.0,0.0,0.0
IND700144AAA,4.0,3.0476190475,1.0,86.0,5.0,2.315789474,1.0
IND711303AAA,17.0,0.833333333,0.11764705882352941,36.0,18.0,2.3257839725,1.0
IND712103AAA,24.0,2.9643678165,1.0,38.0,26.0,2.861111111,1.0
IND712124AAA,27.0,2.888888889,1.0,25.0,31.0,3.368421053,1.0
IND712310AAE,50.0,3.105263158,0.98,55.5,37.0,2.79245283,1.0
IND712311AAA,259.0,2.506706408,1.0,127.0,192.0,2.2890516395000002,1.0
IND712406AAA,4.0,2.3230550285,1.0,3.0,6.0,1.2676508345,0.6666666666666666
IND712410AAC,6.0,1.2676508345,0.6666666666666666,30.5,9.0,4.842105263,1.0
IND712602AAA,3.0,4.0,1.0,4.0,4.0,2.1970046080000003,1.0
IND712612AAA,3.0,1.684210526,1.0,2.0,1.0,2.577777778,1.0
IND713103AAA,4.0,2.0073007929999998,1.0,9.0,6.0,2.270006506,1.0
IND713128AAB,16.0,3.5,1.0,30.0,17.0,2.628571429,1.0
IND713130AAA,18.0,2.078125,1.0,42.0,16.0,1.913043478,1.0
IND713145AAB,3.0,1.791666667,1.0,8.0,3.0,2.166666667,1.0
IND713148AAA,17.0,2.628571429,1.0,20.0,3.0,4.444444444,1.0
IND713205AAB,43.0,2.557142857,0.9767441860465116,126.0,59.0,2.042857143,1.0
IND713303AAA,6.0,4.166666666499999,1.0,22.5,5.0,2.653846154,1.0
IND713364AAB,12.0,4.424325435,1.0,63.0,6.0,4.166666666499999,1.0
IND721102AAA,2.0,4.8275434245,1.0,142.5,5.0,2.0,1.0
IND721133AAA,2.0,2.9147633235,1.0,18.5,2.0,2.167763158,1.0
IND721134AAB,17.0,1.625,0.8823529411764706,24.0,17.0,0.833333333,0.11764705882352941
IND721139AAC,3.0,2.857142857,1.0,38.0,20.0,1.625,0.9
IND721212AAA,10.0,2.053001277,1.0,87.0,0.0,0.0,0.0
IND721253AAC,12.0,2.1226190474999997,1.0,53.0,7.0,1.912087912,1.0
IND721306AAA,21.0,2.210526316,1.0,33.0,28.0,2.0921735029999997,1.0
IND721401AAA,2.0,1.930195783,1.0,33.0,2.0,2.4699999999999998,1.0
IND721434AAB,2.0,2.4699999999999998,1.0,21.0,2.0,2.9147633235,1.0
IND721501AAC,7.0,1.909090909,1.0,7.0,1.0,1.784946237,1.0
IND721602AAB,4.0,1.8271505375000001,1.0,16.0,5.0,1.875,1.0
IND721636AAB,3.0,1.75,1.0,20.0,1.0,2.857142857,1.0
IND722101AAA,8.0,1.8852657005,1.0,7.0,2.0,2.759444203,1.0
IND722101AAB,1.0,1.555555556,1.0,8.0,1.0,0.72972973,0.0
IND722122AAA,8.0,1.9642857145,1.0,19.0,9.0,1.944444444,1.0
IND722140AAA,9.0,0.976190476,0.1111111111111111,30.0,12.0,1.3331653225,0.8333333333333334
IND722143AAB,10.0,1.3997599040000002,1.0,33.5,7.0,2.318181818,1.0
IND722151AAA,1.0,1.536231884,1.0,49.0,9.0,0.976190476,0.1111111111111111
IND722154AAA,2.0,3.6171096345000002,1.0,195.5,5.0,1.736842105,1.0
IND722202AAA,5.0,1.551724138,1.0,6.0,4.0,3.152777778,1.0
IND723101AAA,14.0,1.7948717950000002,1.0,22.0,15.0,1.761904762,1.0
IND723130AAA,20.0,1.6904761905,0.8,27.5,16.0,1.5936973375,0.6875
IND723131AAA,12.0,1.3331653225,0.8333333333333334,19.5,5.0,1.081632653,0.2
IND723133AAA,13.0,1.4,0.6153846153846154,13.0,11.0,1.411764706,1.0
IND723202AAA,14.0,2.25015674,1.0,34.5,14.0,1.7948717950000002,1.0
IND731204AAB,13.0,2.428571429,1.0,30.0,13.0,2.888888889,1.0
IND731224AAA,11.0,2.25,1.0,23.0,15.0,3.0,1.0
IND731237AAB,15.0,3.0,1.0,20.0,18.0,2.8032258065,1.0
IND731301AAA,19.0,1.943661972,1.0,24.0,16.0,2.574175824,1.0
IND732103AAA,2.0,2.8513513515,1.0,29.0,2.0,3.7883838384999997,1.0
IND732103AAB,15.0,2.8,1.0,73.0,9.0,3.411764706,1.0
IND732123AAC,1.0,1.352941176,1.0,27.0,4.0,2.190767519,1.0
IND732138AAA,7.0,2.117647059,1.0,5.0,2.0,2.8513513515,1.0
IND732139AAA,2.0,2.370015949,1.0,58.5,7.0,1.352941176,0.7142857142857143
IND732202AAA,11.0,3.125,1.0,41.0,8.0,3.4055555555000003,1.0
IND732204AAB,8.0,1.392857143,0.75,58.5,11.0,3.125,1.0
IND733102AAA,1.0,3.411764706,1.0,73.0,11.0,1.782608696,1.0
IND733128AAA,7.0,1.857142857,1.0,34.0,6.0,1.9763285025,1.0
IND733129AAA,4.0,4.1744186045,1.0,35.5,5.0,1.952380952,1.0
IND733129AAB,5.0,1.952380952,1.0,12.0,5.0,1.523809524,1.0
IND733134AAA,3.0,1.47826087,1.0,39.0,5.0,1.80952381,1.0
IND733140AAA,10.0,1.8113043480000002,1.0,13.0,2.0,2.500598086,1.0
IND733201AAA,1.0,2.0,1.0,15.0,0.0,0.0,0.0
IND733202AAB,1.0,1.322580645,1.0,19.0,1.0,2.0,1.0
IND733202AAC,1.0,2.153846154,1.0,22.0,0.0,0.0,0.0
IND734214AAB,3.0,3.179487179,1.0,14.0,0.0,0.0,0.0
IND735224AAA,8.0,1.5091185409999999,1.0,8.0,0.0,0.0,0.0
IND736135AAA,11.0,2.217391304,1.0,18.0,8.0,1.631578947,1.0
IND736146AAA,8.0,1.631578947,1.0,40.5,8.0,1.5091185409999999,1.0
IND741101AAB,1.0,2.666666667,1.0,24.0,1.0,2.088235294,1.0
IND741121AAA,1.0,2.789473684,1.0,12.0,0.0,0.0,0.0
IND741123AAB,18.0,2.384469697,1.0,26.0,18.0,2.078125,1.0
IND741126AAB,20.0,2.426470588,1.0,27.0,19.0,2.393939394,1.0
IND741156AAA,21.0,2.636363636,1.0,61.0,20.0,2.426470588,1.0
IND741165AAB,15.0,1.217391304,0.5333333333333333,34.0,18.0,3.162280702,1.0
IND742101AAC,26.0,2.627011494,1.0,111.5,33.0,2.803278689,1.0
IND742102AAB,41.0,2.214285714,1.0,62.0,53.0,2.96969697,1.0
IND742121AAA,17.0,3.727272727,1.0,28.0,16.0,3.153846154,1.0
IND742121AAB,17.0,3.153846154,1.0,31.0,16.0,1.2944099375,0.5625
IND742137AAA,6.0,2.308974359,1.0,9.5,3.0,1.833333333,1.0
IND742147AAA,3.0,1.833333333,1.0,7.0,11.0,2.25,1.0
IND742148AAA,16.0,3.3928571429999996,1.0,24.0,14.0,2.793650794,1.0
IND742149AAA,15.0,2.80952381,1.0,53.0,0.0,0.0,0.0
IND742202AAA,3.0,3.022346369,1.0,50.0,1.0,2.566666667,1.0
IND742223AAA,17.0,1.181818182,0.47058823529411764,55.0,16.0,4.666666667,1.0
IND742225AAA,16.0,4.666666667,1.0,26.0,17.0,3.428571429,1.0
IND742226AAA,19.0,2.228571429,1.0,43.0,17.0,1.181818182,0.47058823529411764
IND742303AAB,18.0,3.162280702,1.0,54.0,19.0,2.142857143,1.0
IND742401AAA,17.0,2.96969697,1.0,51.0,6.0,2.308974359,1.0
IND743235AAA,6.0,2.1,1.0,29.5,5.0,2.586206897,1.0
IND743347AAA,6.0,3.5661802355,1.0,43.0,12.0,2.097222222,1.0
IND743395AAA,4.0,3.4545454545,1.0,150.5,4.0,3.0476190475,1.0
IND743513AAA,12.0,2.097222222,1.0,27.0,4.0,3.0,1.0
IND751002AAB,76.0,2.009466113,1.0,133.0,83.0,2.006472492,1.0
IND751014AAA,3.0,2.285714286,1.0,36.0,0.0,0.0,0.0
IND751015AAA,13.0,2.0,1.0,34.0,0.0,0.0,0.0
IND751021AAA,1.0,3.2,1.0,542.0,0.0,0.0,0.0
IND752030AAA,1.0,1.681818182,1.0,7.0,0.0,0.0,0.0
IND752050AAA,3.0,2.333333333,1.0,16.0,2.0,1.318181818,0.5
IND752055AAA,2.0,1.4615384615,0.5,22.5,2.0,1.9347826085,1.0
IND752056AAA,1.0,1.894736842,1.0,6.0,7.0,2.090909091,1.0
IND754022AAA,2.0,2.2413273005,1.0,14.0,2.0,2.220909091,1.0
IND754103AAA,1.0,2.185185185,1.0,38.0,4.0,3.5588235294999997,1.0
IND754142AAA,2.0,2.9696296295,1.0,29.5,2.0,2.0925925925,1.0
IND754160AAA,1.0,2.0,1.0,30.0,0.0,0.0,0.0
IND754202AAA,1.0,2.0,1.0,80.0,1.0,2.606060606,1.0
IND754211AAA,1.0,2.606060606,1.0,6.0,2.0,2.9696296295,1.0
IND756019AAA,12.0,2.027777778,0.9166666666666666,739.0,5.0,1.6,1.0
IND756029AAA,1.0,1.802631579,1.0,466.0,1.0,1.315789474,1.0
IND756032AAA,9.0,2.375,1.0,222.0,1.0,1.5,1.0
IND756045AAB,1.0,1.6875,1.0,22.0,1.0,1.162790698,0.0
IND756100AAC,19.0,2.16875,0.9473684210526315,94.0,25.0,2.055214724,1.0
IND757001AAA,2.0,1.919936373,1.0,14.5,8.0,2.0333333335,1.0
IND757024AAA,1.0,2.677419355,1.0,17.0,0.0,0.0,0.0
IND757025AAA,6.0,2.0333333335,1.0,24.5,8.0,2.0804093569999997,1.0
IND757037AAA,13.0,2.705882353,1.0,190.0,6.0,1.9611111110000001,1.0
IND757041AAA,4.0,1.5959183675,1.0,323.0,3.0,1.913043478,0.6666666666666666
IND758001AAA,6.0,2.0,1.0,25.5,7.0,2.034782609,1.0
IND758034AAA,4.0,2.091437149,1.0,24.5,13.0,2.298136646,1.0
IND758035AAA,1.0,1.714285714,1.0,14.0,3.0,2.076923077,1.0
IND759122AAC,1.0,1.746666667,1.0,121.0,1.0,3.67826087,1.0
IND760003AAB,2.0,2.63,1.0,318.0,12.0,2.0037593984999997,1.0
IND761200AAA,12.0,2.144230769,1.0,7.5,12.0,1.941511531,0.9166666666666666
IND762001AAA,1.0,3.67826087,1.0,84.0,1.0,2.2,1.0
IND764001AAC,7.0,2.5,1.0,30.0,4.0,2.7028061225,1.0
IND764020AAC,1.0,2.25,1.0,7.0,1.0,4.263157895,1.0
IND764059AAA,3.0,1.888888889,1.0,18.0,7.0,2.5,1.0
IND764071AAB,3.0,1.875,1.0,15.0,3.0,1.888888889,1.0
IND767001AAA,4.0,1.957142857,1.0,43.0,3.0,0.980263158,0.3333333333333333
IND767017AAA,3.0,2.278481013,1.0,614.0,4.0,1.7447619049999998,1.0
IND768004AAD,3.0,2.8,1.0,148.0,2.0,2.1071892245,1.0
IND768028AAA,1.0,0.845637584,0.0,11.0,2.0,2.8137931035,1.0
IND768028AAB,1.0,0.980263158,0.0,4.0,1.0,2.53125,1.0
IND768201AAA,1.0,1.666666667,1.0,112.0,0.0,0.0,0.0
IND768216AAA,5.0,2.205882353,1.0,7.0,0.0,0.0,0.0
IND770001AAA,6.0,1.5530142785,1.0,18.0,6.0,2.1457983195,1.0
IND781001AAA,10.0,1.9710424715,0.8,45.0,0.0,0.0,0.0
IND781003AAA,3.0,3.108108108,1.0,37.0,7.0,2.5,0.8571428571428571
IND781005AAA,10.0,1.333333333,0.7,51.5,6.0,1.0740853659999998,0.3333333333333333
IND781014AAA,12.0,2.288888889,1.0,40.0,0.0,0.0,0.0
IND781018AAA,2.0,1.0629084965,0.5,1367.5,0.0,0.0,0.0
IND781018AAB,90.0,2.143042672,0.8666666666666667,168.5,89.0,2.317073171,0.8202247191011236
IND781022AAA,12.0,0.8943014705,0.16666666666666666,48.0,9.0,0.972972973,0.2222222222222222
IND781102AAA,2.0,4.3455882355,1.0,571.5,5.0,2.277777778,1.0
IND781124AAA,5.0,4.709677419,1.0,24.0,8.0,2.1717391305,1.0
IND781335AAA,4.0,1.8025490195,1.0,26.0,2.0,3.133333333,1.0
IND781354AAA,2.0,3.133333333,1.0,6.5,8.0,1.703703704,1.0
IND783129AAA,1.0,2.225806452,1.0,101.0,10.0,1.9545454544999998,1.0
IND783301AAA,11.0,1.909090909,1.0,41.0,10.0,2.546542553,1.0
IND783348AAA,10.0,1.9545454544999998,1.0,102.0,11.0,1.909090909,1.0
IND783370AAB,2.0,2.1276595745,1.0,40.0,0.0,0.0,0.0
IND783370AAC,8.0,2.6354166665000003,1.0,32.5,9.0,1.766666667,1.0
IND784001AAA,6.0,2.2899159664999997,1.0,76.5,7.0,2.311594203,1.0
IND784101AAA,1.0,1.28125,1.0,47.0,1.0,2.0,1.0
IND784110AAA,3.0,2.24,1.0,8.0,3.0,2.583333333,1.0
IND784125AAA,3.0,2.583333333,1.0,38.0,4.0,1.715384615,1.0
IND784168AAB,8.0,2.819976771,1.0,32.0,3.0,2.28125,1.0
IND784176AAA,4.0,2.3378146099999997,1.0,78.5,6.0,2.5272938445,1.0
IND785001AAA,15.0,2.0,1.0,62.0,10.0,3.0820067145000003,1.0
IND785112AAC,2.0,3.21954023,1.0,8.5,3.0,2.111111111,1.0
IND785612AAB,2.0,1.9195113784999998,1.0,35.5,3.0,2.087179487,1.0
IND785621AAA,3.0,1.590909091,1.0,42.0,2.0,1.819083694,1.0
IND785675AAA,1.0,2.190082645,1.0,39.0,3.0,3.214285714,1.0
IND785682AAA,12.0,2.1932633194999998,1.0,44.5,24.0,2.8435441370000003,1.0
IND785690AAB,13.0,4.147058824,1.0,46.0,2.0,3.494652406,1.0
IND786001AAB,42.0,2.267560664,1.0,85.5,38.0,2.7350000000000003,1.0
IND786125AAA,7.0,2.25,1.0,31.0,6.0,2.633333333,1.0
IND786171AAA,11.0,2.25,1.0,16.0,13.0,3.166666667,1.0
IND786181AAC,34.0,3.303494624,1.0,32.0,18.0,2.5138888885000004,1.0
IND786184AAA,7.0,2.533333333,1.0,18.0,10.0,2.076923077,1.0
IND786190AAA,10.0,2.2147937410000003,1.0,10.0,10.0,2.0714285715000003,1.0
IND787001AAA,8.0,2.689787234,1.0,42.5,2.0,3.5525846705,1.0
IND787057AAA,10.0,2.12,1.0,40.0,8.0,2.689787234,1.0
IND787059AAB,1.0,2.718309859,1.0,35.0,10.0,2.12,1.0
IND788026AAC,34.0,2.4735772359999997,1.0,231.5,21.0,2.751004016,1.0
IND788121AAA,3.0,3.5,1.0,11.0,2.0,4.05,1.0
IND788151AAA,13.0,2.606060606,1.0,47.0,13.0,2.545454545,1.0
IND788713AAA,10.0,2.923076923,1.0,50.0,13.0,2.606060606,1.0
IND788806AAA,9.0,3.75,1.0,82.0,11.0,2.769230769,1.0
IND790001AAB,1.0,2.78021978,1.0,656.0,0.0,0.0,0.0
IND791102AAA,1.0,2.821782178,1.0,63.0,5.0,1.9625,1.0
IND791109AAA,1.0,3.575757576,1.0,44.0,0.0,0.0,0.0
IND791110AAA,1.0,3.529411765,1.0,37.0,0.0,0.0,0.0
IND791125AAB,4.0,1.9503858025,1.0,25.5,0.0,0.0,0.0
IND792001AAA,3.0,1.651162791,1.0,18.0,11.0,0.680851064,0.0
IND792103AAB,11.0,0.680851064,0.0,18.0,10.0,2.1822612085,1.0
IND792110AAA,2.0,2.37,1.0,35.0,2.0,1.5697674419999998,1.0
IND792120AAB,3.0,3.088235294,1.0,19.0,9.0,4.085714286,1.0
IND792121AAB,4.0,2.9111111110000003,1.0,8.0,11.0,2.931034483,1.0
IND792130AAB,10.0,2.857406095,1.0,42.5,0.0,0.0,0.0
IND793001AAA,3.0,2.177777778,1.0,46.0,10.0,2.0251020410000002,1.0
IND793150AAA,1.0,1.95620438,1.0,68.0,2.0,2.3171497585,1.0
IND794101AAA,9.0,2.408805031,1.0,147.0,1.0,2.225806452,1.0
IND796009AAA,4.0,4.9503816794999995,1.0,275.5,2.0,4.0038167940000005,1.0
IND796081AAA,1.0,2.647887324,1.0,809.0,3.0,3.5,1.0
IND796321AAB,2.0,4.0038167940000005,1.0,49.5,4.0,4.9503816794999995,1.0
IND798601AAA,5.0,3.921052632,1.0,648.0,1.0,3.15942029,1.0
IND799250AAA,1.0,2.725806452,1.0,22.0,1.0,4.2,1.0
IND801103AAA,11.0,2.666666667,1.0,53.0,0.0,0.0,0.0
IND802101AAA,15.0,2.734693878,1.0,31.0,6.0,2.2156756755,1.0
IND802119AAA,16.0,1.8513513515,1.0,31.5,14.0,2.791666667,1.0
IND802158AAB,11.0,2.371428571,1.0,26.0,17.0,1.864864865,1.0
IND802212AAA,7.0,1.233333333,0.5714285714285714,988.0,5.0,3.5,1.0
IND802213AAB,5.0,3.5,1.0,4.0,11.0,5.125,1.0
IND802301AAA,10.0,2.333091437,1.0,24.5,11.0,2.666666667,1.0
IND803101AAA,9.0,2.260869565,1.0,49.0,11.0,2.487179487,1.0
IND803116AAA,13.0,2.228571429,1.0,19.0,9.0,2.333333333,1.0
IND803213AAA,5.0,2.416666667,1.0,24.0,0.0,0.0,0.0
IND804420AAA,11.0,2.487179487,1.0,70.0,6.0,2.962121212,1.0
IND804452AAA,6.0,2.962121212,1.0,18.5,0.0,0.0,0.0
IND805110AAD,9.0,2.333333333,1.0,32.0,9.0,2.260869565,1.0
IND811105AAA,2.0,2.415110725,1.0,52.5,3.0,1.804347826,1.0
IND811201AAB,4.0,3.056153846,1.0,46.5,2.0,2.2586206895,1.0
IND811213AAA,3.0,1.620689655,1.0,31.0,3.0,2.076923077,1.0
IND811307AAA,2.0,1.9929956895,1.0,44.5,0.0,0.0,0.0
IND811399AAA,41.0,1.832298137,1.0,147.0,11.0,1.257142857,0.5454545454545454
IND812002AAA,18.0,3.8043478265,1.0,76.5,17.0,2.025,1.0
IND813102AAA,18.0,2.0875,1.0,32.0,0.0,0.0,0.0
IND814101AAB,11.0,1.534883721,1.0,25.0,12.0,1.067010309,0.16666666666666666
IND814112AAA,9.0,2.327272727,1.0,49.0,7.0,1.592920354,1.0
IND814133AAA,1.0,2.4375,1.0,41.0,2.0,2.2736528820000004,1.0
IND814133AAB,13.0,2.4375,1.0,37.0,19.0,2.0,1.0
IND815301AAA,8.0,2.148447205,1.0,40.5,5.0,1.744680851,1.0
IND815351AAA,12.0,1.067010309,0.16666666666666666,22.0,11.0,3.388888889,1.0
IND815353AAA,11.0,1.827956989,1.0,47.0,7.0,1.860465116,1.0
IND816107AAA,8.0,1.974489796,1.0,33.5,11.0,1.534883721,1.0
IND816109AAA,10.0,1.8707537725,1.0,53.5,14.0,2.4375,1.0
IND821109AAA,11.0,5.125,1.0,31.0,6.0,2.3,1.0
IND821115AAB,32.0,2.0570085469999997,1.0,40.5,48.0,2.011272999,0.9375
IND821307AAA,8.0,1.95,1.0,45.0,4.0,1.890316206,1.0
IND824101AAA,11.0,1.928571429,1.0,37.0,9.0,2.0,1.0
IND825102AAA,3.0,2.12,1.0,88.0,3.0,3.351648352,1.0
IND825301AAA,14.0,2.6675824175000002,1.0,64.0,14.0,1.604878049,1.0
IND825409AAA,14.0,1.9372153349999999,1.0,58.5,14.0,2.6675824175000002,1.0
IND826001AAC,2.0,2.5555555555,1.0,46.0,0.0,0.0,0.0
IND826004AAA,37.0,1.860465116,0.918918918918919,68.0,58.0,2.357142857,1.0
IND827013AAA,5.0,2.0,1.0,37.0,20.0,4.235955056,1.0
IND828111AAA,4.0,3.5737179489999997,1.0,60.5,4.0,2.4494949495,1.0
IND828401AAB,7.0,2.857142857,1.0,239.0,3.0,0.95,0.0
IND829121AAA,9.0,5.349206349,1.0,53.0,5.0,2.0,1.0
IND829122AAA,14.0,1.604878049,1.0,145.0,14.0,2.390625,1.0
IND832109AAB,22.0,2.5058139534999997,1.0,69.0,14.0,2.33908046,1.0
IND834002AAB,80.0,2.43561747,1.0,179.5,64.0,2.3649889550000003,1.0
IND841101AAA,2.0,2.5722222219999997,1.0,47.5,0.0,0.0,0.0
IND841226AAB,2.0,2.553030303,1.0,20.5,4.0,2.1855297155,1.0
IND841301AAC,1.0,1.739130435,1.0,153.0,1.0,2.069767442,1.0
IND841405AAA,1.0,2.069767442,1.0,562.0,0.0,0.0,0.0
IND841424AAA,9.0,3.4,1.0,55.0,0.0,0.0,0.0
IND842001AAA,178.0,2.1986301370000003,0.9943820224719101,72.5,121.0,2.382978723,1.0
IND842003AAB,33.0,2.256410256,1.0,50.0,22.0,2.602779911,1.0
IND843105AAB,20.0,2.0,1.0,38.0,20.0,2.8125,1.0
IND843109AAB,11.0,1.65,0.9090909090909091,40.0,17.0,3.4,1.0
IND843126AAA,12.0,2.263888889,1.0,493.0,12.0,1.7,0.9166666666666666
IND843301AAA,20.0,1.509230769,1.0,70.5,19.0,3.315789474,1.0
IND843320AAA,7.0,2.15,1.0,29.0,21.0,1.538461538,1.0
IND843329AAB,13.0,2.789473684,1.0,26.0,13.0,1.379310345,0.9230769230769231
IND844101AAB,1.0,2.611111111,1.0,32.0,0.0,0.0,0.0
IND844505AAB,1.0,4.294117647,1.0,55.0,16.0,2.794736842,1.0
IND845305AAA,20.0,2.6469573925,1.0,435.0,22.0,2.5634920635,1.0
IND845401AAA,22.0,2.5634920635,1.0,42.5,19.0,2.05,1.0
IND845412AAB,15.0,2.04,1.0,28.0,15.0,2.264705882,1.0
IND845418AAB,14.0,2.149122807,1.0,48.5,15.0,1.933333333,1.0
IND845438AAA,15.0,1.806451613,1.0,50.0,17.0,2.157894737,1.0
IND845455AAB,20.0,2.2720000000000002,1.0,135.5,15.0,1.806451613,1.0
IND846004AAA,21.0,1.791666667,1.0,73.0,22.0,2.1900000000000004,1.0
IND847103AAA,19.0,1.96969697,1.0,46.0,20.0,1.791666667,1.0
IND847212AAA,21.0,1.814814815,1.0,68.0,22.0,2.191780822,1.0
IND847223AAA,3.0,1.805555556,1.0,583.0,7.0,2.15,1.0
IND847226AAA,21.0,2.043478261,1.0,725.0,21.0,1.814814815,1.0
IND847404AAB,7.0,2.227272727,1.0,585.0,20.0,1.984848485,1.0
IND848101AAA,16.0,2.794736842,1.0,40.5,21.0,2.0,1.0
IND848114AAA,21.0,1.72,1.0,30.0,20.0,2.21875,1.0
IND848210AAA,20.0,1.846153846,0.95,24.0,21.0,1.72,1.0
IND851127AAA,20.0,4.0260416665,1.0,37.0,17.0,1.846153846,0.9411764705882353
IND852111AAA,20.0,3.9525960985,1.0,100.5,18.0,2.194047619,1.0
IND852113AAA,20.0,2.7958333335,1.0,41.5,18.0,3.6397058825,1.0
IND852118A1B,1.0,3.058823529,1.0,419.0,11.0,1.285714286,0.8181818181818182
IND852118AAA,2.0,3.0852941175,1.0,77.0,8.0,1.3484848485,1.0
IND852131AAA,9.0,2.787878788,1.0,19.0,11.0,2.231578947,1.0
IND852139AAB,21.0,3.16,1.0,115.0,20.0,2.7958333335,1.0
IND852201AAA,19.0,3.75,1.0,28.0,15.0,3.181818182,1.0
IND853204AAA,11.0,2.043478261,1.0,9.0,7.0,3.0,1.0
IND854105AAA,2.0,2.4876923074999997,1.0,41.0,2.0,2.6875,1.0
IND854105AAB,9.0,2.857142857,1.0,29.0,11.0,2.35,1.0
IND854311AAA,12.0,2.292763158,1.0,50.0,22.0,1.6887096775,1.0
IND854326AAB,70.0,2.130981703,1.0,164.0,62.0,2.8525925924999997,1.0
IND854334AAA,16.0,1.285714286,0.875,21.0,9.0,1.777777778,1.0
IND854335AAA,19.0,2.222222222,1.0,13.0,3.0,1.379310345,1.0
IND000000ACO,0.0,0.0,0.0,0.0,1.0,1.5625,1.0
IND000000ACS,0.0,0.0,0.0,0.0,8.0,1.777217742,1.0
IND110005AAA,0.0,0.0,0.0,0.0,2.0,2.653846154,1.0
IND110037AAB,0.0,0.0,0.0,0.0,11.0,1.948717949,1.0
IND110046AAA,0.0,0.0,0.0,0.0,1.0,3.0,1.0
IND110064AAB,0.0,0.0,0.0,0.0,11.0,1.964912281,1.0
IND110085AAA,0.0,0.0,0.0,0.0,1.0,2.076923077,1.0
IND110087AAA,0.0,0.0,0.0,0.0,3.0,2.0,0.6666666666666666
IND121002AAA,0.0,0.0,0.0,0.0,1.0,2.909090909,1.0
IND122015AAC,0.0,0.0,0.0,0.0,2.0,2.4449579835,1.0
IND122050AAA,0.0,0.0,0.0,0.0,11.0,1.941176471,0.9090909090909091
IND122101AAC,0.0,0.0,0.0,0.0,1.0,1.375,1.0
IND122413AAE,0.0,0.0,0.0,0.0,43.0,1.696969697,1.0
IND123106AAB,0.0,0.0,0.0,0.0,10.0,1.96,1.0
IND131028AAA,0.0,0.0,0.0,0.0,58.0,1.625,0.8620689655172413
IND132039AAA,0.0,0.0,0.0,0.0,21.0,1.823529412,1.0
IND140603AAA,0.0,0.0,0.0,0.0,29.0,1.24137931,0.7931034482758621
IND148001AAA,0.0,0.0,0.0,0.0,2.0,1.3408045975,1.0
IND148024AAB,0.0,0.0,0.0,0.0,1.0,2.0,1.0
IND151103AAA,0.0,0.0,0.0,0.0,5.0,1.428571429,0.8
IND160002AAD,0.0,0.0,0.0,0.0,3.0,2.117647059,1.0
IND176001AAA,0.0,0.0,0.0,0.0,2.0,1.6966101695,1.0
IND176001AAB,0.0,0.0,0.0,0.0,1.0,1.220338983,1.0
IND176041AAA,0.0,0.0,0.0,0.0,19.0,1.163265306,0.3684210526315789
IND203205AAA,0.0,0.0,0.0,0.0,19.0,2.0,1.0
IND207123AAA,0.0,0.0,0.0,0.0,2.0,2.8108974355000003,1.0
IND210301AAA,0.0,0.0,0.0,0.0,15.0,2.2,1.0
IND211013AAA,0.0,0.0,0.0,0.0,7.0,5.071428571,1.0
IND221005A1A,0.0,0.0,0.0,0.0,1.0,4.166666667,1.0
IND222136AAA,0.0,0.0,0.0,0.0,2.0,2.6770833334999997,1.0
IND224122AAA,0.0,0.0,0.0,0.0,17.0,2.894736842,1.0
IND226004AAC,0.0,0.0,0.0,0.0,1.0,1.829333333,1.0
IND226016AAA,0.0,0.0,0.0,0.0,6.0,4.2076086955,1.0
IND226024AAA,0.0,0.0,0.0,0.0,1.0,2.692307692,1.0
IND231001AAA,0.0,0.0,0.0,0.0,3.0,1.625,1.0
IND231216AAA,0.0,0.0,0.0,0.0,6.0,2.714285714,1.0
IND232327AAA,0.0,0.0,0.0,0.0,1.0,2.571428571,1.0
IND233221AAC,0.0,0.0,0.0,0.0,2.0,2.7471719455,1.0
IND250002AAC,0.0,0.0,0.0,0.0,3.0,1.696428571,0.6666666666666666
IND250609AAA,0.0,0.0,0.0,0.0,1.0,2.954545455,1.0
IND262723AAB,0.0,0.0,0.0,0.0,21.0,2.536231884,1.0
IND272153AAC,0.0,0.0,0.0,0.0,3.0,3.058823529,1.0
IND272175AAA,0.0,0.0,0.0,0.0,2.0,1.761645963,1.0
IND281004AAA,0.0,0.0,0.0,0.0,8.0,1.388059701,1.0
IND282005AAA,0.0,0.0,0.0,0.0,3.0,5.090909091,1.0
IND302023AAA,0.0,0.0,0.0,0.0,19.0,2.714285714,1.0
IND302033AAB,0.0,0.0,0.0,0.0,1.0,2.9,1.0
IND306001AAA,0.0,0.0,0.0,0.0,3.0,1.93902439,1.0
IND321401AAB,0.0,0.0,0.0,0.0,12.0,1.259485924,0.6666666666666666
IND331001A1C,0.0,0.0,0.0,0.0,1.0,2.612244898,1.0
IND332709AAA,0.0,0.0,0.0,0.0,6.0,2.9170673075,1.0
IND332715AAB,0.0,0.0,0.0,0.0,1.0,2.06122449,1.0
IND333502AAA,0.0,0.0,0.0,0.0,1.0,1.14893617,0.0
IND360002AAB,0.0,0.0,0.0,0.0,4.0,1.660447761,1.0
IND360050AAA,0.0,0.0,0.0,0.0,1.0,1.377777778,1.0
IND364001AAA,0.0,0.0,0.0,0.0,2.0,1.8967105265000002,1.0
IND364710AAA,0.0,0.0,0.0,0.0,13.0,1.894736842,1.0
IND380015AAB,0.0,0.0,0.0,0.0,34.0,2.333333333,1.0
IND382345AAA,0.0,0.0,0.0,0.0,33.0,2.142857143,1.0
IND389230AAB,0.0,0.0,0.0,0.0,1.0,2.184615385,1.0
IND394221AAA,0.0,0.0,0.0,0.0,2.0,4.013368984,1.0
IND396210AAA,0.0,0.0,0.0,0.0,1.0,3.909090909,1.0
IND400052AAA,0.0,0.0,0.0,0.0,6.0,4.007142857,1.0
IND400072AAJ,0.0,0.0,0.0,0.0,51.0,2.590909091,1.0
IND400078AAB,0.0,0.0,0.0,0.0,1.0,2.461538462,1.0
IND401208AAA,0.0,0.0,0.0,0.0,37.0,2.555555556,1.0
IND410209AAA,0.0,0.0,0.0,0.0,40.0,2.2761904765,1.0
IND410210AAA,0.0,0.0,0.0,0.0,13.0,2.875,1.0
IND411057AAF,0.0,0.0,0.0,0.0,1.0,5.266666667,1.0
IND421004AAA,0.0,0.0,0.0,0.0,27.0,3.272727273,1.0
IND421302AAH,0.0,0.0,0.0,0.0,31.0,2.75,1.0
IND421302AAS,0.0,0.0,0.0,0.0,2.0,3.04495614,1.0
IND423301AAB,0.0,0.0,0.0,0.0,7.0,1.470588235,1.0
IND424201AAA,0.0,0.0,0.0,0.0,1.0,1.35,1.0
IND431001AAA,0.0,0.0,0.0,0.0,19.0,3.0,1.0
IND431103AAA,0.0,0.0,0.0,0.0,1.0,1.625,1.0
IND431401AAA,0.0,0.0,0.0,0.0,1.0,2.821428571,1.0
IND440014AAA,0.0,0.0,0.0,0.0,1.0,4.210526316,1.0
IND441107AAB,0.0,0.0,0.0,0.0,11.0,2.702702703,1.0
IND445001AAB,0.0,0.0,0.0,0.0,12.0,2.1505255255,1.0
IND457661AAA,0.0,0.0,0.0,0.0,11.0,2.848484848,1.0
IND470227AAB,0.0,0.0,0.0,0.0,7.0,1.715789474,1.0
IND473551AAA,0.0,0.0,0.0,0.0,1.0,1.433823529,1.0
IND475661AAB,0.0,0.0,0.0,0.0,1.0,2.825396825,1.0
IND480106AAA,0.0,0.0,0.0,0.0,21.0,1.416666667,0.9523809523809523
IND481001AAA,0.0,0.0,0.0,0.0,9.0,2.296296296,1.0
IND491995AAB,0.0,0.0,0.0,0.0,12.0,1.6043478260000001,1.0
IND492007AAA,0.0,0.0,0.0,0.0,8.0,3.0,1.0
IND493445AAB,0.0,0.0,0.0,0.0,11.0,1.769230769,1.0
IND495671AAA,0.0,0.0,0.0,0.0,1.0,2.292682927,1.0
IND496001AAA,0.0,0.0,0.0,0.0,7.0,2.18018018,1.0
IND500035AAD,0.0,0.0,0.0,0.0,8.0,2.636363636,1.0
IND500084AAB,0.0,0.0,0.0,0.0,1.0,1.466666667,1.0
IND501218AAC,0.0,0.0,0.0,0.0,6.0,5.638172043,1.0
IND501359AAF,0.0,0.0,0.0,0.0,58.0,3.0357142855,1.0
IND505172AAA,0.0,0.0,0.0,0.0,1.0,1.708333333,1.0
IND506164AAA,0.0,0.0,0.0,0.0,1.0,2.282051282,1.0
IND507167AAA,0.0,0.0,0.0,0.0,9.0,2.727272727,1.0
IND517408AAA,0.0,0.0,0.0,0.0,1.0,2.15625,1.0
IND531162AAA,0.0,0.0,0.0,0.0,8.0,1.90625,1.0
IND560064AAA,0.0,0.0,0.0,0.0,39.0,1.529411765,1.0
IND560066AAB,0.0,0.0,0.0,0.0,2.0,2.3488372095,1.0
IND560099AAA,0.0,0.0,0.0,0.0,4.0,2.2055555555,0.75
IND562125AAA,0.0,0.0,0.0,0.0,1.0,1.764705882,1.0
IND562160AAB,0.0,0.0,0.0,0.0,10.0,0.989130435,0.0
IND571602AAA,0.0,0.0,0.0,0.0,14.0,2.430265655,1.0
IND580030AAA,0.0,0.0,0.0,0.0,1.0,2.434343434,1.0
IND583121AAA,0.0,0.0,0.0,0.0,2.0,2.2243083004999997,1.0
IND600013AAA,0.0,0.0,0.0,0.0,2.0,4.55,1.0
IND600044AAC,0.0,0.0,0.0,0.0,54.0,2.0298573975,1.0
IND600056AAD,0.0,0.0,0.0,0.0,1.0,2.263157895,1.0
IND602105AAB,0.0,0.0,0.0,0.0,7.0,3.0,1.0
IND613104AAA,0.0,0.0,0.0,0.0,10.0,1.9333333335,1.0
IND620012AAA,0.0,0.0,0.0,0.0,2.0,3.9791666665,1.0
IND622001AAA,0.0,0.0,0.0,0.0,14.0,1.47771836,1.0
IND629001AAA,0.0,0.0,0.0,0.0,12.0,1.975892857,1.0
IND636005AAC,0.0,0.0,0.0,0.0,1.0,5.083333333,1.0
IND636402AAA,0.0,0.0,0.0,0.0,17.0,1.442622951,1.0
IND637001AAA,0.0,0.0,0.0,0.0,10.0,1.7586206894999998,1.0
IND638052AAA,0.0,0.0,0.0,0.0,3.0,2.166666667,1.0
IND673639AAA,0.0,0.0,0.0,0.0,4.0,1.642857143,1.0
IND678583AAA,0.0,0.0,0.0,0.0,1.0,1.181818182,0.0
IND679576AAA,0.0,0.0,0.0,0.0,17.0,1.451612903,0.8235294117647058
IND683511AAB,0.0,0.0,0.0,0.0,1.0,1.641203704,1.0
IND686141AAA,0.0,0.0,0.0,0.0,1.0,2.5,1.0
IND690573AAA,0.0,0.0,0.0,0.0,1.0,1.081081081,0.0
IND711409AAA,0.0,0.0,0.0,0.0,1.0,1.1875,0.0
IND712310AAA,0.0,0.0,0.0,0.0,36.0,4.2704678365,1.0
IND721507AAA,0.0,0.0,0.0,0.0,13.0,2.340425532,1.0
IND722101AAC,0.0,0.0,0.0,0.0,9.0,1.62962963,1.0
IND733124AAA,0.0,0.0,0.0,0.0,3.0,2.027777778,1.0
IND733210AAA,0.0,0.0,0.0,0.0,2.0,1.7382133995,1.0
IND734203AAA,0.0,0.0,0.0,0.0,3.0,4.842105263,1.0
IND736101AAA,0.0,0.0,0.0,0.0,6.0,2.0890269155,1.0
IND736165AAA,0.0,0.0,0.0,0.0,5.0,2.552631579,1.0
IND741201AAC,0.0,0.0,0.0,0.0,1.0,2.789473684,1.0
IND741316AAA,0.0,0.0,0.0,0.0,2.0,1.5914855075,1.0
IND741502AAB,0.0,0.0,0.0,0.0,1.0,2.666666667,1.0
IND743270AAA,0.0,0.0,0.0,0.0,6.0,2.1,1.0
IND761020AAA,0.0,0.0,0.0,0.0,1.0,2.5,1.0
IND764073AAA,0.0,0.0,0.0,0.0,2.0,1.6950757575,1.0
IND770017AAB,0.0,0.0,0.0,0.0,6.0,1.5530142785,1.0
IND785634AAA,0.0,0.0,0.0,0.0,2.0,3.21954023,1.0
IND786602AAA,0.0,0.0,0.0,0.0,13.0,1.529411765,1.0
IND790114AAA,0.0,0.0,0.0,0.0,2.0,2.0719975489999998,1.0
IND791111AAC,0.0,0.0,0.0,0.0,5.0,2.588235294,1.0
IND799008AAA,0.0,0.0,0.0,0.0,1.0,2.725806452,1.0
IND803108AAB,0.0,0.0,0.0,0.0,13.0,2.228571429,1.0
IND803212AAB,0.0,0.0,0.0,0.0,4.0,2.4532312925,1.0
IND804401AAA,0.0,0.0,0.0,0.0,10.0,2.333091437,1.0
IND813203AAA,0.0,0.0,0.0,0.0,19.0,3.782608696,1.0
IND813213AAA,0.0,0.0,0.0,0.0,4.0,2.7703448274999998,1.0
IND828205AAA,0.0,0.0,0.0,0.0,1.0,2.315789474,1.0
IND841207AAB,0.0,0.0,0.0,0.0,3.0,2.611111111,1.0
IND841428AAA,0.0,0.0,0.0,0.0,8.0,3.4611940299999997,1.0
IND851112AAB,0.0,0.0,0.0,0.0,4.0,2.269230769,1.0
IND851204AAA,0.0,0.0,0.0,0.0,15.0,2.130434783,1.0
